#SNID	objid	ra	dec	PetroRad_r	u	g	r	i	z	err_u	err_g	err_r	err_i	err_z	redshift
#		degree	degree	arcsec	mag	mag	mag	mag	mag	mag	mag	mag	mag	mag	
1166	1237663716555293384	9.35528557207	0.97394632287	2.431473	22.54063	21.82741	20.04021	19.37542	19.03431	0.4768956	0.1145905	0.03561216	0.03015191	0.07806965	0.3819667
1253	1237663457779384632	323.798590322	0.162846098904	3.491167	24.67281	20.42491	19.06269	18.45856	18.09226	2.281077	0.04389307	0.02137817	0.01907718	0.05796956	0.2630881
1371	1237663277923106978	349.373744326	0.429687074666	3.021059	20.60242	18.61513	17.54534	17.10148	16.68448	0.08341342	0.009110699	0.005850279	0.006095658	0.01183973	0.1190151
1580	1237663783143473374	45.3238268384	-0.642272136856	5.61083	24.99289	20.406	19.20955	18.72379	18.27818	1.350725	0.0325167	0.01777018	0.01698192	0.03947106
1688	1237663543679059221	321.357820122	0.324876913218	1.872727	22.12051	21.18208	20.32749	19.9726	19.69146	0.2536382	0.04912467	0.03952141	0.04357522	0.1404699	0.3591736
2017	1237663479793714269	328.943895543	0.593476336184	2.008399	21.98736	20.86535	19.8528	19.41423	19.07058	0.2273447	0.0419133	0.02617479	0.02824613	0.07040612	0.2631343
2165	1237666339189163227	17.0915391291	-0.096316212513	1.522264	22.81672	23.34707	22.03757	22.21923	21.28354	0.3848452	0.236604	0.1176479	0.2045427	0.3579097
2330	1237678434328183252	6.80733066537	1.12085972995	2.94935	22.17437	21.46668	20.59565	20.32003	19.82585	0.2939462	0.06895994	0.0465977	0.05530778	0.145271	0.213361
2372	1237657070091108996	40.520832897	-0.541037218526	2.251427	21.78916	20.49779	19.52882	19.01681	18.59137	0.2365293	0.03243874	0.02154168	0.02092914	0.05128233	0.180438
2422	1237657191979811746	1.99457910558	0.637982561759	1.867958	23.63891	22.86305	21.99851	21.94946	22.00983	0.8972514	0.2297898	0.1673466	0.2400912	0.7555072
2533	1237663783674184649	31.2205281585	-0.326168775426	2.963918	23.01501	22.69781	21.70007	21.36925	21.71011	0.5096585	0.2080584	0.1173103	0.1504733	0.6364806
2635	1237663237129502886	52.7040279254	-1.23761336043	3.46942	20.85933	19.56527	18.99443	18.62055	18.4629	0.1168781	0.0204545	0.01711036	0.01884485	0.05581034
2789	1237663444906017256	344.202027459	0.400568158912	3.241853	22.00586	20.92231	19.41691	18.84099	18.38853	0.3455732	0.05400483	0.021878	0.01991972	0.05835317	0.2905073
3080	1237666338115354816	16.9316961311	-1.039474969	2.516433	20.77594	19.1507	18.1686	17.70766	17.40023	0.09604613	0.0125593	0.008119413	0.007925355	0.01882662	0.1744608
3256	1237656568119427236	329.267460536	-0.223456900562	1.896163	21.2281	19.82003	19.10782	18.71537	18.50422	0.135717	0.01857562	0.01438417	0.01477678	0.04622825	0.1082426
3377	1237666302167876040	54.156173870	1.078836804	2.527235	23.10324	22.42672	21.71249	21.14589	20.4341	0.6830797	0.1480101	0.1212354	0.1200436	0.2377102
3451	1237663544221499805	334.068563744	0.707807403701	2.160984	22.49495	20.65634	19.38891	18.87961	18.53032	0.3106368	0.03239818	0.01764599	0.01777361	0.04136081	0.2498281
3452	1237663544221762366	334.671297337	0.639503507102	2.91504	22.46475	21.75428	21.30992	21.12523	21.65127	0.2865183	0.07560987	0.07956307	0.1109611	0.5457534	0.2311556
3592	1237663204922491010	19.0529456985	0.790553125677	6.08462	19.14152	17.63061	16.88384	16.474	16.1769	0.04286669	0.006507197	0.005130475	0.005563686	0.01263956	0.0864215
4000	1237663783674118396	31.0167112955	-0.366321948246	2.92297	21.20906	20.08503	19.03734	18.62938	18.32786	0.1491585	0.02822539	0.01678015	0.01656647	0.04647773	0.2776726
4046	1237657191976534239	354.498303271	0.642186753189	1.650477	24.43521	23.64643	23.09146	22.00931	22.34065	0.9685579	0.3417213	0.3044225	0.186738	0.6823981
4241	1237657189836849751	12.2375748868	-0.905510679971	1.039272	23.8695	23.73317	22.56905	23.06314	22.93136	0.7513185	0.3398091	0.1872007	0.3888679	0.6991155
4577	1237666408459272609	38.4757954225	0.280883181904	1.632146	25.38365	22.85183	21.30693	20.78209	20.28868	0.923133	0.1755379	0.07170585	0.06783167	0.1859855	0.3635766
4679	1237663204923605473	21.5283084529	0.676933954748	7.359443	23.28771	22.649	22.30453	22.698	22.11893	0.6893975	0.1876797	0.2103847	0.4904625	0.8311786
5103	1237657191978893955	359.88435201	0.736853739454	2.127625	21.73764	21.25979	20.83803	20.6519	20.81582	0.1786033	0.05501135	0.05805276	0.08203574	0.2867578	0.16198
5183	1237666301630743172	53.4536530682	0.709376230763	2.197615	23.60357	23.54282	22.12698	22.2482	22.12872	0.7424362	0.3573743	0.1524432	0.2702028	0.7285082
5391	1237663237129306431	52.3423443533	-1.09525153131	2.02592	22.56928	22.30993	21.75145	22.20141	21.18062	0.3141048	0.1257808	0.108466	0.2341586	0.3433931
5533	1237663543682270143	328.669980608	0.41278732678	3.632333	21.47014	20.35664	19.66586	19.65123	19.33991	0.253011	0.04042178	0.05304724	0.0923406	0.178478	0.2202498
5736	1237663783133643424	22.862399516	-0.633097262	1.596691	24.1877	21.81162	21.33193	21.03511	20.58174	0.8871586	0.07471376	0.06652732	0.07325599	0.1705257
5737	1237666407378715001	22.8571491241	-0.6033283472	1.860247	22.63923	22.36807	21.5878	21.31141	21.38028	0.4483832	0.1343459	0.101367	0.1179799	0.4418351
5944	1237663783673331885	29.2021139562	-0.212564825962	13.82017	17.61561	15.88447	15.09211	14.69302	14.4096	0.02147352	0.003358241	0.00279535	0.002778802	0.005777733	0.04589022
5957	1237663783675756839	34.7598199747	-0.272576440377	1.711667	21.59798	20.83965	19.87347	19.51688	19.19628	0.1286073	0.03238458	0.02101758	0.02219431	0.06007095	0.2803415
6100	1237678595931374306	333.483386965	1.08615881273	2.424115	21.87645	21.23832	20.46226	20.08379	19.72956	0.2751434	0.06499172	0.04681752	0.05002671	0.1362465
6196	1237663542612460262	337.631189275	-0.502403473403	2.540435	22.12127	20.72666	19.19349	18.57619	18.10885	0.3093519	0.04326162	0.01908693	0.01691865	0.03739575	0.2813655
6777	1237663543678993112	321.216517429	0.384266005232	1.188754	23.44817	21.18186	19.77224	18.81705	18.24649	0.5011731	0.03500109	0.01785207	0.01246246	0.0280558	-0.0001391372
6936	1237656567579870979	323.233882079	-0.700060094909	4.233948	21.16635	20.06941	19.27059	18.93154	18.65802	0.2213052	0.03579038	0.02705992	0.03152927	0.09376179	0.1801979
7143	1237666407899070761	345.2623369	-0.206892514832	2.521253	21.90667	21.14959	20.44024	19.91326	19.4861	0.3102175	0.06018122	0.05099689	0.04460483	0.1177674	0.3051585
7847	1237666407919780198	32.4596977981	-0.061702403191	2.035807	22.20082	20.48833	19.42964	18.92905	18.64146	0.2979102	0.02887622	0.01867731	0.0170951	0.0474696	0.2128041
8213	1237656906354000314	357.521088751	-0.921527774274	3.563407	22.52747	21.68828	20.40563	19.7515	19.32203	0.4247918	0.1075074	0.04518262	0.04026719	0.1084794	0.1861762
8598	1237657070628962633	42.6674739977	-0.0667234767225	2.220467	22.0433	21.73853	20.71698	20.43423	19.88966	0.2902813	0.09623244	0.06447674	0.08090861	0.1872628	0.361168
8719	1237663783127023965	7.72191919728	-0.718633658324	2.721117	20.7746	20.1226	19.75309	19.4227	19.40837	0.1109491	0.03223075	0.03532319	0.03791659	0.1191841	0.1175697
9207	1237663783132004915	19.0833666307	-0.807437589466	2.598875	22.60718	21.3252	20.07093	19.68342	19.4479	0.4676534	0.07331388	0.04283893	0.04313283	0.1060536	0.3502996
9457	1237663543685415622	335.814621786	0.25369530129	2.49449	22.8448	20.60979	19.20521	18.60934	18.18768	0.6215755	0.0382295	0.01990652	0.01723718	0.04769683	0.2582374
10550	1237663275775754943	349.675826174	-1.20467149762	1.993178	22.06655	21.05715	20.20313	19.85691	19.44593	0.2197738	0.04552277	0.03032496	0.03394819	0.08657342	0.3008438
12781	1237657189833834706	5.4078778132	-1.01061786606	6.557964	19.42952	17.3858	16.41786	15.99325	15.66507	0.05690448	0.006244213	0.004405175	0.004292013	0.008970502	0.08430576
12843	1237657189815681386	323.878484626	-0.979633752443	3.380853	20.1494	18.29919	17.19102	16.7773	16.42984	0.08538748	0.01022651	0.006639799	0.006632558	0.0154364	0.1669515
12856	1237663544220975551	332.865364736	0.755585755036	5.553512	20.49372	19.08951	18.47806	18.0794	18.10998	0.112689	0.0179578	0.01656681	0.01905385	0.06334163	0.1716726
12860	1237678617938821532	323.694965369	1.17540944639	4.472718	20.80294	19.14211	18.31986	17.86434	17.40596	0.140136	0.01503123	0.01108961	0.01107493	0.02520769	0.1217078
12898	1237666407917289559	26.793051012	-0.146864685	2.876802	20.1821	19.10832	18.4894	18.02161	17.81866	0.07063252	0.01238533	0.01090268	0.01027445	0.02990918
12930	1237663542600205560	309.68267041	-0.476394252442	6.406151	19.33475	18.08535	17.33543	16.97013	16.62606	0.05755026	0.00965534	0.008361453	0.009246331	0.02450211	0.147168
12950	1237656906351444110	351.667270497	-0.840619665013	4.150678	18.99278	18.03596	17.70643	17.40242	17.30359	0.03250468	0.007656487	0.00804905	0.009191794	0.02734613	0.08265698
12972	1237663783664025918	7.95858066333	-0.383050555835	0.8099409	23.44585	22.44335	21.86496	21.84101	21.12968	0.401449	0.09149688	0.07413301	0.103002	0.2162327
13044	1237663479795287086	332.543025828	0.503936834758	5.391763	20.5278	19.21122	18.66871	18.44988	18.26259	0.1841447	0.0295506	0.02677504	0.03504683	0.107527	0.1258902
13070	1237663783122698517	357.784882457	-0.74656402913	3.282766	20.82862	19.58211	18.93661	18.6518	18.42055	0.1155667	0.0224204	0.02314145	0.027441	0.05416848	0.1985333
13305	1237663544220189296	331.100141267	0.690809629098	2.8681	20.955	20.02075	19.43531	19.13384	18.99397	0.104935	0.02382115	0.02216837	0.02648087	0.07734242	0.2146839
13354	1237657069548601421	27.564739615	-0.886700963241	3.104314	20.04924	19.04398	18.42653	17.9653	17.7821	0.07369214	0.01592621	0.01362802	0.01312622	0.03851281	0.1576255
13411	1237663457775584948	315.189730158,	0.191724708	1.29303	24.82955	22.53495	22.0648	21.86466	21.6408	1.011283	0.1198665	0.1180283	0.1417637	0.4950489
13425	1237663479261037488	338.541427824	0.0548776189578	2.698474	22.87673	21.94402	20.56654	19.96416	19.82752	0.5556491	0.1132389	0.05014492	0.04305317	0.1645288	0.2126624
13506	1237663783134691657	25.2436577518	-0.728450206327	1.512939	21.92734	20.89706	20.12334	19.69242	19.43479	0.1871958	0.03760181	0.02638209	0.02684512	0.07290784
13511	1237663783141441728	40.6112959494	-0.794229643054	4.189126	21.27534	19.37675	18.08902	17.54278	17.1691	0.1838429	0.01878438	0.00962171	0.008799418	0.01984864	0.2372839
13578	1237663204921770853	17.3949402399	0.704421064449	2.726525	22.58906	22.41934	21.48266	21.52456	23.87997	0.5622705	0.2238553	0.1562843	0.2604048	1.035069
13641	1237656906348626641	345.217532752	-0.982017167448	1.582126	23.25079	23.19208	21.99278	21.93203	22.95232	0.6266543	0.2772287	0.1354893	0.2014007	0.982727
13736	1237678617407717964	336.832664208	1.03070919535	3.091004	22.15837	20.78008	20.12383	19.77771	19.5017	0.33219	0.05075973	0.04100156	0.0434825	0.1182988	0.1502249
13796	1237663277923696964	350.691969486	0.532310737916	3.786413	20.97786	19.44396	18.73966	18.35888	18.09249	0.1487128	0.02394817	0.0175097	0.01875383	0.0614935	0.1487143
13835	1237663783663173820	6.05936057287	-0.249264858757	2.362503	21.02521	19.8972	19.11059	18.75953	18.53964	0.1047641	0.02115614	0.01631976	0.0174176	0.05195888	0.2475327
13894	1237657190905938467	1.69061106369	-0.0367694128763	4.071753	22.44878	21.61566	20.83446	20.39929	19.98907	0.3099657	0.06650063	0.0508619	0.05089806	0.1334747
13934	1237666407360824125	342.110451803	-0.435146572211	2.796969	22.40778	21.4748	20.14827	19.65055	19.38277	0.4919752	0.08072364	0.0396452	0.03645657	0.1020337	0.330954
13956	1237663204923343352	20.9414616326	0.816262974696	2.310718	25.20423	22.56363	20.93051	20.18396	19.80689	0.9986057	0.153702	0.05650088	0.04693808	0.1197893	0.491342
14019	1237656567576987170	316.642394072	-0.648632110122	3.383583	21.42063	20.47355	19.75408	19.65591	19.69707	0.3956934	0.0721272	0.05668065	0.07868482	0.3072679
14108	1237663237129896756	53.5947035925	-1.12302298216	1.427725	23.4573	23.28805	22.26128	22.08857	21.21852	0.622083	0.2810609	0.155158	0.2006017	0.3453501
14212	1237678595930063495	330.47066807	1.0444771765	2.221291	22.35332	21.09521	20.01686	19.54908	19.06856	0.3659399	0.05093682	0.02829853	0.02791855	0.06461626
14261	1237663543682073622	328.240401556	0.253680539622	1.012447	23.25294	22.27727	21.98644	21.62807	22.75964	0.4893208	0.08866981	0.1107067	0.1193252	0.7908602	0.858692
14331	1237657190908690822	7.88905047746	-0.135587839852	2.726164	22.16237	20.86697	20.42788	20.02896	19.8022	0.3436842	0.04933864	0.05186138	0.05420905	0.1650248	0.2211987
14397	1237678433791181425	6.9156010166	0.649316615647	2.609103	21.58327	20.8145	19.84802	19.58423	19.26284	0.1958584	0.04718374	0.02843835	0.03293592	0.09339499	0.3866015
14437	1237656567046865251	332.080943683	-1.19630544959	1.380421	23.71851	21.16519	20.19045	19.60637	19.30037	0.8508152	0.04865295	0.02794798	0.0248161	0.0750685	0.1492953
14456	1237656909032260002	343.550985701	1.05088725201	2.893413	24.74674	22.03653	20.6788	19.91983	19.21922	1.650855	0.1245974	0.05801279	0.04778749	0.09512378	0.3296466
14481	1237663784198537430	2.68147977336	0.201848668585	3.206837	21.33033	19.9877	18.63057	18.1437	17.73443	0.1738514	0.02574236	0.01343793	0.01221079	0.03195387	0.2435799
14735	1237657071162491673	35.1584987873	0.348125353136	2.240688	21.49942	20.88366	20.05409	19.72176	19.26117	0.1954496	0.04653777	0.03613267	0.04610242	0.1130914	0.3004555
14782	1237656568112809106	314.234083065	-0.279167995769	4.638895	21.34411	19.08615	17.8458	17.25345	16.80995	0.2984986	0.01932154	0.01033791	0.009064808	0.02289754
14815	1237678617399919890	319.071666976	0.559514964711	1.752007	22.60095	21.68918	21.23025	21.03263	20.71963	0.3270079	0.06817164	0.06291687	0.07771385	0.2097815
14846	1237663784200765533	7.66260963642	0.142007357894	3.219068	20.23331	19.11199	18.18572	17.7424	17.45787	0.0753317	0.0144009	0.01031604	0.009763404	0.02677575	0.2247809
14871	1237663238740771608	54.2769479704	0.00925588421488	1.655447	22.50686	21.10634	20.56067	20.27496	20.18101	0.3007411	0.0387665	0.03525475	0.03838735	0.1468233
14979	1237660241926423120	54.9465459111	0.992111819454	3.870229	21.66706	20.21586	19.47246	19.12412	18.92393	0.2834147	0.03136478	0.02530407	0.02790559	0.08400077
15132	1237663479257170439	329.699951541	0.198780924456	5.69943	20.5601	19.70379	19.50043	19.26174	20.63	0.1666907	0.03374931	0.04403458	0.05085813	0.7420868	0.1543813
15201	1237663479260643634	337.518923987	0.00312269908755	4.90199	22.11245	19.54127	18.08088	17.57056	17.21292	0.5504813	0.02497078	0.01173328	0.01088883	0.03056923	0.2087961
15203	1237663784204304772	15.7347523959	0.183005679652	1.050369	24.03321	21.35952	20.16243	19.78087	19.60562	0.6669382	0.04368657	0.02289098	0.02292554	0.07941757	0.2044248
15213	1237657586029560349	53.019231804	-0.100246005	2.508982	22.05468	21.13312	20.019	19.52238	19.09252	0.2873496	0.05883313	0.03391135	0.02953357	0.07629579
15217	1237657071157051793	22.6341327921	0.220985028018	1.326417	23.35881	22.14532	20.64467	20.05009	19.63892	0.603401	0.09265663	0.03809391	0.03263264	0.09310809	0.3813556
15219	1237666408457568503	34.6107546157	0.226136651692	2.420649	22.42177	20.26553	19.14157	18.6277	18.21343	0.4651425	0.02503623	0.01586775	0.01469306	0.04016288	0.2474863
15229	1237657192517927319	4.83199554104	1.09063526004	1.704771	22.11619	22.00525	21.47721	21.27924	21.48262	0.2446517	0.09228656	0.08600924	0.1095682	0.4465632
15259	1237663478723773428	337.544223051	-0.407811595043	2.969604	23.07445	22.63071	21.53652	21.15076	20.30065	0.9945707	0.3097585	0.1853124	0.1930895	0.35842
15287	1237656567043327064	323.960657274	-1.05895672587	2.133034	23.28364	21.54174	20.18376	19.65128	19.21273	0.7188835	0.07767871	0.03377952	0.03204065	0.08199285	0.2376857
15354	1237657190908166490	6.77425793277	-0.125964282057	2.073267	22.5002	20.65193	19.28042	18.78623	18.55365	0.3590808	0.03451316	0.01697791	0.0157376	0.04672568
15356	1237663543685087893	335.053311219	0.409933003817	1.881177	23.21695	22.10005	20.70348	20.09536	19.50708	0.5701784	0.09771933	0.04710397	0.03994947	0.1002772	0.2748803
15369	1237666407363773122	348.833077871	-0.562641663847	0.9394418	23.37029	23.95728	22.84968	22.86153	22.16009	0.6320745	0.3687863	0.2117678	0.2806696	0.4655734
15383	1237666407920501314	34.1496932546	-0.155285346814	4.517228	23.03376	21.57556	20.22823	19.686	19.39019	0.5638565	0.06504106	0.02970399	0.02652338	0.08486363	0.3160464
15421	1237663784749039900	33.7413200054	0.602716237483	3.628544	20.39871	19.49338	18.89788	18.59686	18.55008	0.08121447	0.02004728	0.01707548	0.0204254	0.06043803	0.1853683
15425	1237663239278231823	55.5610761212	0.478357705445	1.829214	21.65033	19.66519	18.67096	18.2415	17.96537	0.1491307	0.01587913	0.01010963	0.01050846	0.02311112	0.1598923
15440	1237663784214790662	39.7206045448	0.0901050306108	2.398941	22.33752	20.92472	19.75747	19.21784	18.91232	0.3229613	0.04391437	0.02342204	0.02095248	0.06567531	0.2621589
15443	1237660240313581839	49.8674396937	-0.318010567152	2.778901	20.89535	19.73092	18.97429	18.62114	18.37915	0.1347577	0.02167301	0.01776268	0.01891345	0.0701528	0.1819083
15453	1237663542067725571	319.668391123	-1.02424078233	1.494762	23.79735	22.40929	21.92089	21.5773	21.86302	0.8198582	0.1358321	0.1662507	0.1659489	0.7008631
15456	1237656906342727883	331.866880974	-0.903804048	1.934205	22.23604	21.1415	20.01936	19.49234	19.17024	0.2956677	0.05353856	0.0283965	0.02657031	0.07555109
15459	1237656906346660220	340.701448831	-0.901774718132	1.78836	21.87786	20.7696	20.35241	20.22732	20.21357	0.2179196	0.03781286	0.03597826	0.04876509	0.1884158	0.1267946
15461	1237663542607741904	326.848227059	-0.49474951917	3.966842	21.41769	19.88201	19.02201	18.5571	18.3778	0.223857	0.0284331	0.02228073	0.02739852	0.0643513	0.1862115
15466	1237663543140550186	317.645441324	-0.12269627524	2.165302	22.1804	20.48982	19.55581	19.04549	18.69418	0.2769447	0.03076815	0.02470702	0.02260386	0.06371231	0.2461435
15467	1237663543141597901	320.020099128	-0.177351533968	3.454175	20.37204	19.23989	18.5768	18.26406	18.10176	0.07747072	0.01508557	0.01404471	0.01620945	0.05042912	0.210412
15504	1237656906348822895	345.701396981	-0.876867995123	2.913858	22.75106	20.59947	19.38625	18.851	18.42542	0.6391396	0.04530062	0.02321585	0.0223921	0.05664055	0.2698182
15508	1237666407380549827	27.1694726909	-0.575758117441	5.398664	20.59012	19.40743	18.87566	18.55239	18.31341	0.1926282	0.02559448	0.02513641	0.02796434	0.08120877	0.1346457
15583	1237678617434325666	37.7310825777	0.946246212683	1.664679	23.72066	22.1059	21.27591	21.07705	20.62773	0.7437833	0.09829722	0.0654166	0.0853598	0.2047646	0.6809462
15648	1237663543138845573	313.718799031	-0.195816658847	3.777461	21.25633	19.019	17.70221	17.15433	16.75867	0.1734672	0.01332061	0.007726015	0.007242851	0.01753072	0.1750174
15704	1237657587097731442	40.2121247649	0.659823047504	1.912145	23.21659	21.33464	20.15233	19.6263	19.22649	0.5989652	0.05980885	0.0296033	0.02820366	0.066259	0.3706123
15776	1237680000914228021	32.8302938273	-0.998102718998	2.306511	23.14426	21.00639	19.41827	18.82437	18.46391	0.8009404	0.04814964	0.01899451	0.01771959	0.04554904
15872	1237663783676609084	36.7223886724	-0.32784976199	1.460481	22.92706	21.56108	20.83319	20.50521	20.34029	0.3545935	0.05616113	0.04396787	0.04631618	0.1539067	0.2064652
15897	1237657189836587309	11.6815976116	-1.03249057577	1.889643	21.96253	20.1889	18.88095	18.39968	17.99728	0.2382974	0.02489079	0.01277073	0.01209082	0.0281609	0.174905
15901	1237666407382647396	31.9763074546	-0.535345761852	3.909087	22.22333	20.62304	19.94256	19.5742	19.63536	0.5031905	0.04958784	0.04649368	0.0465816	0.1794566	0.2048369
16000	1237663784206664143	21.115284114	0.076291496	0.8289146	21.74073	21.08399	22.16553	21.98439	19.93372	0.7235602	0.1813568	0.7602929	0.9482993	0.6072462
16072	1237657189832851840	3.12457199168	-0.977832428796	2.425387	23.13761	21.2374	19.72687	19.16844	18.80753	0.6487933	0.06199798	0.02515444	0.02250619	0.05811596	0.2858861
16073	1237663782590349551	8.10767400848	-1.05390438816	2.239065	21.16495	20.3121	19.8151	19.45468	19.14653	0.1110927	0.03051502	0.02780641	0.0270719	0.0706811	0.1547316
16099	1237663782598345186	26.4212411707	-1.05458958753	4.104086	21.46013	20.1729	19.16602	18.7595	18.37184	0.1978607	0.03508463	0.02096479	0.02149524	0.05128407	0.1969484
16100	1237657069549847028	30.436329741	-1.032374812	0.8264415	26.1711	22.81351	22.2105	21.65281	21.74877	0.44904	0.1590817	0.1220144	0.1156779	0.4859869
16106	1237656567046865253	332.089891876	-1.1482891103	2.025374	21.49208	19.97534	18.76128	18.26247	17.97289	0.1751886	0.0232361	0.01192294	0.0114012	0.03070125
16185	1237663783667893113	16.8681005404	-0.269343622389	1.628755	22.38743	20.68722	19.77323	19.39095	19.06293	0.2335301	0.02973523	0.020231	0.01905633	0.05072315	0.1013589
16232	1237666338115486132	17.204981633	-0.989523347751	1.782955	23.35014	22.60507	21.12882	20.55204	20.24357	0.6167054	0.1508732	0.05828025	0.05386439	0.1560253	0.3757563
17168	1237660024494883496	339.723619133	-1.16723286854	3.044468	21.47048	20.40009	19.83642	19.58957	19.49631	0.2337051	0.04237656	0.03714581	0.04419122	0.1513507	0.1851818
17332	1237660339089899929	43.7725223539	-0.147688477957	2.629953	21.8895	20.08017	19.02557	18.55308	18.28141	0.3245643	0.03047989	0.02058633	0.02140934	0.06639881	0.1828572
17366	1237663542066020598	315.784978441	-1.03116435823	5.980696	19.53717	18.05023	17.25018	16.8001	16.56814	0.07977352	0.01075787	0.007299236	0.007414006	0.02084268	0.1392888
17389	1237666185626256736	323.295060079	-0.960058468237	2.651613	21.73851	20.54003	19.87571	19.49723	19.26836	0.2500954	0.03681113	0.02915151	0.03515209	0.1054045	0.1708999
17497	1237663237122687153	37.1365006201	-1.04282650842	5.000409	19.86281	18.6871	18.03481	17.7063	17.54852	0.06781603	0.01305952	0.01029424	0.01132474	0.03426053	0.1447343
17552	1237657189814960898	322.321267416	-1.00281512894	3.233985	22.40234	21.09178	20.01847	19.49027	18.9835	0.3887701	0.05988229	0.03727405	0.03504952	0.08669943	0.2533377
17568	1237663543675455376	313.103669107	0.277314761498	3.859739	21.72109	20.35861	19.69447	19.17582	19.04159	0.2510627	0.03270929	0.03614781	0.03385987	0.1169746
17629	1237663782600180017	30.636482371	-1.0899494363	4.705567	19.33454	17.86635	17.01183	16.56474	16.24112	0.04045395	0.007292795	0.005220298	0.005052782	0.01097271	0.1368154
17745	1237663783661797781	2.96027110315	-0.339348791455	3.829761	20.57786	19.35691	19.13002	18.9081	18.81024	0.1033086	0.0188924	0.02705773	0.02739421	0.1028052	0.06341191
17791	1237663544220779290	332.373364819	0.737990980052	2.131244	23.21896	22.92065	21.93782	22.0234	22.06929	0.513679	0.1931057	0.1394685	0.2373482	0.7164055
17801	1237663542066152304	316.093801800	-0.898447809	5.701737	20.02701	18.75342	17.62479	17.15819	16.80925	0.09745959	0.01705148	0.01066713	0.01078867	0.02818701
17809	1237663783126434560	6.36492388627	-0.839299918864	2.200323	22.58568	21.58923	20.89653	20.54173	20.45429	0.3744049	0.07725525	0.06549089	0.07223479	0.2203914	0.2889781
17811	1237657189837112031	12.8806069429	-0.946205320346	1.147445	24.89551	24.0605	22.54391	21.83336	21.26577	0.9085172	0.4666708	0.1782031	0.1473604	0.3503143
17875	1237678617426985715	20.9837307413	1.25508051858	2.10276	22.26923	21.26346	20.10038	19.4797	19.0833	0.307843	0.05880799	0.03248988	0.02681312	0.07019139	0.2323741
17884	1237678617429934631	27.5993375313	1.17235156458	2.521523	21.93914	20.50513	19.60212	19.28522	18.77657	0.3444695	0.04668895	0.03013226	0.03587648	0.08462937	0.2389854
18091	1237663784744517908	23.3679004287	0.524610111499	2.389998	21.13767	20.36583	19.36181	18.97578	18.6021	0.1183782	0.03315561	0.02143531	0.02269734	0.04911513	0.3710418
18241	1237656567575150849	312.387540826	-0.761967394223	2.473871	21.3317	21.11976	19.5841	19.20459	19.583	0.2010471	0.07040887	0.02866432	0.02822022	0.1525065
18323	1237657191980466833	3.4286627877	0.652321749237	1.956084	22.94199	21.15197	20.69444	20.25058	20.24566	0.4548156	0.04704316	0.04529073	0.04708305	0.1606883	0.1540543
18375	1237657190910263423	11.5163981332	-0.0106771298027	2.404521	20.47581	18.99098	18.17496	17.80427	17.52045	0.07583167	0.01052739	0.008178961	0.00816783	0.02106299	0.1105329
18415	1237678617407979650	337.477514386	1.05846859928	2.987649	20.93438	18.74436	17.63195	17.14851	16.75078	0.1217804	0.01169368	0.006792123	0.006412951	0.01309396	0.130779
18485	1237663783144653377	47.959020493	-0.692644421283	3.207483	21.48854	20.45189	19.28364	18.87724	18.48596	0.1951076	0.04054406	0.02182648	0.02235475	0.05596079
18486	1237645943978394148	55.1812195004	1.00452553443	1.409858	24.53658	23.22189	22.14915	21.93489	21.27962	0.7405898	0.1880787	0.1070944	0.1336172	0.2564292
18602	1237663479798104844	338.983657649	0.60908083857	2.267069	22.12222	21.5463	20.86587	20.52316	20.22121	0.2624645	0.07687235	0.06217256	0.07317581	0.1901796	0.1383328
18604	1237663479798956397	340.92069295	0.420498484315	2.014508	21.70114	19.56483	18.26293	17.76919	17.43394	0.1764625	0.01587499	0.008403083	0.008374461	0.04299584
18612	1237663784739668118	12.2880200749	0.596611969687	5.552385	19.36209	17.75431	16.87933	16.42729	16.13127	0.05254259	0.007894256	0.005710723	0.005834108	0.01222767	0.1148299
18617	1237663278458405419	345.761419321	0.84938344214	3.082241	22.77598	21.84737	20.88876	20.63168	20.263	0.6672189	0.1249246	0.086323	0.1077096	0.2949204	0.3273875
18650	1237663479256646245	328.447231853	0.0150344471961	1.763469	22.08381	21.20931	20.8066	20.49407	20.32584	0.2338015	0.04595681	0.0486057	0.05329907	0.196172	0.1137208
18721	1237657190906528523	3.07776173407	-0.0776416241575	2.899684	21.84579	20.89012	19.63187	19.04569	18.62213	0.2553398	0.0506912	0.02707452	0.023056	0.06003339	-0.009943508
18749	1237663204919672933	12.5465860314	0.675718424323	3.074872	21.03475	19.18577	17.96521	17.4726	17.13923	0.1377504	0.01476868	0.008328042	0.008570405	0.01953204	0.1906259
18751	1237657191981449397	5.722428111	0.775911342337	2.714971	20.46334	18.69823	17.85059	17.44166	17.155	0.08408601	0.01044485	0.007650181	0.007958123	0.01749678	0.07101995
18782	1237657584949789257	39.2622037079	-0.866711915829	2.327523	21.83296	20.93444	19.53313	19.05659	18.64682	0.2109818	0.0462226	0.02026332	0.01919168	0.04696017	0.3669141
18890	1237663783130824890	16.4433830705	-0.759481450196	7.773663	20.46922	18.59008	17.69711	17.27341	16.96141	0.06620478	0.00904692	0.0066386	0.006366462	0.01236701	0.06646933
18927	1237663783144063045	46.6823695132	-0.754095009383	2.156243	24.63597	25.11437	19.80722	19.39199	18.95334	1.217415	0.908981	0.02394734	0.02465603	0.05701536
18940	1237657191446610208	10.3486541866	0.411853512843	3.897579	21.28019	20.1785	19.45501	19.08973	19.04428	0.2446352	0.03765378	0.03078945	0.03263542	0.129795	0.2123936
18945	1237657189835866770	10.0779148897	-1.03910504435	1.80937	23.37218	21.79146	20.94512	20.63373	20.38423	0.7515811	0.09190467	0.06024457	0.06915155	0.20252	0.2791055
18965	1237666340798202045	13.5092128666	1.06891883078	2.552588	21.48992	20.1242	19.06506	18.64654	18.38984	0.2036549	0.025874	0.01642029	0.01746822	0.04633856	0.2059034
19002	1237657070092025931	42.6162042621	-0.551185004695	1.45397	21.78298	20.71942	19.58163	19.20895	18.83434	0.1895065	0.03204785	0.0189161	0.01965491	0.04992276	0.2709273
19008	1237656567046865395	331.963310027	-1.07004820125	2.031586	22.01007	20.65801	19.80121	19.29555	18.95199	0.2695917	0.03948944	0.02537451	0.02460621	0.07056363
19027	1237656568119231185	328.884007664	-0.371783852357	1.646831	22.67237	22.12777	21.30506	21.27771	20.81564	0.437863	0.11882	0.08279807	0.114729	0.3299033	0.2926235
19029	1237656568119886673	330.395346885	-0.256871349336	1.644879	23.04213	22.01402	20.93154	20.86185	20.30621	0.601326	0.1067793	0.06122734	0.08615839	0.2165533
19033	1237663457776043548	316.234655539	0.0609077262294	1.436631	23.39363	22.48139	21.71708	21.33753	20.93577	0.5927875	0.1105621	0.09221148	0.09254191	0.2874282
19149	1237663783674315119	31.4604076959	-0.332586409488	2.045674	22.12811	21.11333	20.56405	20.23392	20.25015	0.2207861	0.04813594	0.04161435	0.04470046	0.1777027	0.2112804
19174	1237663785282371709	25.6597785971	1.03034942218	2.406646	21.10399	19.12536	17.95082	17.5033	17.18132	0.1212514	0.01196737	0.007294704	0.007284707	0.01550478	0.1661271
19211	1237663542601713967	313.153884434	-0.454136799952	1.862546	23.3909	23.09085	21.46745	21.24239	20.93077	0.7097663	0.2486411	0.101626	0.1329058	0.3768684
19230	1237663544220976069	332.891008975	0.764738663984	1.659876	23.07475	21.00655	19.82911	19.30609	19.03012	0.4123914	0.03784298	0.02221654	0.0220868	0.05471252	0.2214824
19282	1237657190367953277	359.072974014	-0.503881952209	1.046311	24.51901	22.69625	22.15669	21.90885	22.12992	0.9240564	0.1326482	0.1225592	0.1400778	0.5206324
19341	1237666339725508846	15.860859345	0.331611907725	1.886695	21.99418	20.27852	18.9242	18.41809	18.06971	0.2497173	0.02312493	0.01221013	0.01131707	0.03017799	0.2367465
19353	1237657586562105551	43.1132643414	0.251742827414	5.573225	20.3017	19.05205	18.09062	17.59639	17.16113	0.1158758	0.02039983	0.01189691	0.01066807	0.02864648	0.1540343
19425	1237663456705512061	323.508410645	-0.740647458691	1.660658	24.53884	21.28874	19.93589	19.39097	18.98161	1.189843	0.05149591	0.02484142	0.02309133	0.05603784	0.2113821
19543	1237666408441512441	357.908385724	0.279841654401	1.083588	23.13515	22.05235	21.56426	21.22794	21.07422	0.5016379	0.0726131	0.07144827	0.07240546	0.2535835
19596	1237666301630874409	53.884621953	0.703724109	7.359691	22.02728	21.66943	20.6683	20.69033	20.69701	0.5465932	0.185457	0.1097855	0.1904743	0.6689063
19604	1237657192518124388	5.32625278835	1.07389043111	7.357391	26.64384	23.19485	21.51237	20.91891	20.69182	0.4654842	0.324251	0.1172571	0.1074362	0.3067217
19626	1237663783139344685	35.9277492207	-0.826465024175	4.950312	19.50961	18.34094	17.76481	17.39554	17.16718	0.05327634	0.01044617	0.009069636	0.009585767	0.02435906	0.1131836
19632	1237663784215052647	40.2866373045	0.144248303062	2.036443	25.54452	21.30268	19.72688	19.13508	18.81948	0.9013187	0.0584015	0.0240519	0.02023698	0.06061001	0.3147019
19658	1237663783664419072	8.90324211345	-0.232563856891	2.969747	24.28153	22.87168	22.48265	21.86739	21.9671	0.7561184	0.1730402	0.1748214	0.1372789	0.5115592
19757	1237678617413223090	349.481435869	1.22362100899	1.510019	25.34663	22.3431	21.14599	20.71112	20.48993	0.7169423	0.0956639	0.05058203	0.05007898	0.1437784	0.2189039
19775	1237678617399853623	318.956164723	0.651219256748	2.212775	22.37235	20.24576	19.13218	18.59188	18.2387	0.3607558	0.02842434	0.01592627	0.01462633	0.03493028
19794	1237666408442101951	359.319086404	0.248487256651	2.329438	23.5216	20.68705	18.97239	18.41257	17.98693	1.006648	0.0368734	0.01388709	0.01205263	0.030578	0.2969775
19818	1237663784749695336	35.2665213551	0.496523848836	1.681845	21.81403	20.97969	20.2441	19.9221	19.69515	0.1461989	0.03854977	0.02844367	0.03307085	0.08659701	0.3050625
19913	1237663478722069396	333.762229062	-0.341716152005	3.931963	21.55797	20.47545	19.80938	19.40515	19.22687	0.2410149	0.04503584	0.03777483	0.03893445	0.1314789
19940	1237663457238844599	315.393119801	-0.269714640	1.688982	23.22525	21.64424	20.15831	19.56538	19.33935	0.5879621	0.06532733	0.0280775	0.02427609	0.0765544
19969	1237663783674511434	31.9098306358	-0.324044928573	2.538702	20.07896	19.01758	18.42055	18.06198	17.92219	0.05299347	0.01165999	0.01022215	0.01022656	0.03014648	0.1752423
19990	1237663783675757163	34.8060365433	-0.384528407689	1.631131	22.72924	21.51328	20.19329	19.64313	19.31405	0.3024994	0.05383492	0.02641611	0.0239844	0.06370931	0.2498238
20040	1237678617404179648	328.879491187	0.815099919513	3.69166	24.79467	22.37298	21.01958	20.60644	20.22809	0.8862642	0.1066639	0.04667489	0.04873215	0.1284936	0.2880225
20048	1237663544223793475	339.308118076	0.736299346268	1.680441	22.45725	20.52277	19.11627	18.56764	18.15082	0.2806341	0.02778204	0.01348696	0.01316107	0.02859662	0.1853194
20064	1237656906354458736	358.586263268	-0.917233632305	7.011778	19.6151	17.72335	16.69597	16.15476	15.72302	0.08167417	0.008811221	0.005813442	0.00545459	0.0117444	0.1048793
20106	1237666408436531805	346.554130849	0.328923944593	1.970444	22.98026	22.73739	21.53606	21.01967	20.36471	0.6050032	0.1822456	0.09451801	0.08184384	0.193787
20111	1237666408439940055	354.394056666	0.24743293113	2.891544	21.71431	20.72754	19.33979	18.80676	18.45593	0.3135162	0.04779791	0.02312621	0.01993845	0.05877463	0.2442132
20184	1237657192515699367	359.788454565	1.15860707349	2.394908	24.45076	22.16832	21.59091	21.21782	20.67749	1.479583	0.1316272	0.1268885	0.1409266	0.3169779
20227	1237657190900433560	349.12006923	-0.0989206488373	3.455497	22.12607	20.50194	19.27294	18.7799	18.40524	0.4899949	0.05451229	0.03009089	0.02805344	0.0799682	0.2773319
20350	1237663542064709921	312.806790578	-0.957770215134	4.602063	20.19817	18.10501	16.9264	16.44963	16.00995	0.07965598	0.008790695	0.005432385	0.005259637	0.01080545	0.1293897
20364	1237657069547815314	25.756576211	-0.945186177	1.761433	22.36662	20.82901	19.95724	19.43786	19.22264	0.3004593	0.03872797	0.0257728	0.02462275	0.0739807
20376	1237663542604465540	319.395512791	-0.52396584998	1.840409	23.12435	20.80838	19.52725	19.02627	18.55577	0.5681949	0.03572154	0.020246	0.01962833	0.04569516	0.2106218
20821	1237666302168531341	55.5723990191	1.06226634879	3.634574	22.40344	20.76072	19.76997	19.16553	18.77378	0.495559	0.04920246	0.02932914	0.0276008	0.07222727