GAL,redshift,stellarmass,absmag_u,absmag_g,absmag_r,absmag_i,absmag_z
10028,0.0653288,2.95966e+10,-18.5093,-20.1727,-20.8998,-21.2323,-21.5235
1032,0.129755,2.85664e+10,-17.8557,-19.8769,-20.7167,-21.1229,-21.4391
10324,0.251779,1.16966e+09,-17.5798,-18.3854,-18.8051,-18.9006,-18.5231
10550,0.300844,2.05619e+10,-19.0398,-20.3637,-20.9287,-21.2193,-21.5563
10559,0.281057,3.17684e+10,-18.9873,-20.3194,-21.0753,-21.4671,-21.8421
10805,0.0453628,8.57947e+09,-18.3876,-19.5569,-20.0907,-20.3175,-20.5585
11172,0.136222,1.52205e+10,-19.4425,-20.4712,-20.8981,-21.0585,-21.2960
 1119,0.297815,3.53627e+10,-19.9220,-21.1384,-21.7637,-21.9516,-22.4189
11311,0.204532,3.74819e+10,-19.0860,-20.5888,-21.3090,-21.6613,-22.0396
11540,0.216529,3.00771e+10,-19.4962,-20.0050,-20.8022,-21.1304,-21.4254
11996,0.286636,1.28750e+11,-20.4872,-21.8702,-22.5970,-22.9411,-23.2616
12199,0.310442,2.05331e+11,-20.7671,-22.4454,-23.1590,-23.5665,-23.9706
12860,0.121708,1.97116e+10,-18.0555,-19.7939,-20.5321,-20.9300,-21.3721
12881,0.238126,3.27282e+09,-17.6533,-18.7057,-19.1985,-19.3670,-19.4903
12898,0.0835811,5.86585e+09,-17.7815,-18.8157,-19.4525,-19.7699,-20.0474
12950,0.0826570,5.77325e+09,-18.8693,-19.7839,-20.1503,-20.2617,-20.4678
12977,0.247815,5.10964e+09,-18.4272,-19.4458,-19.8475,-19.9256,-20.5217
13025,0.224380,5.05311e+10,-19.6471,-21.2585,-21.8729,-22.1667,-22.5153
13099,0.266025,7.25561e+10,-20.4350,-21.6002,-22.1523,-22.4805,-22.6967
13135,0.104671,7.21636e+10,-19.0170,-20.8848,-21.7341,-22.1503,-22.5004
13152,0.203530,2.19937e+09,-17.4470,-18.4933,-18.8936,-18.9954,-19.3495
13174,0.236181,5.57689e+10,-19.3124,-20.8836,-21.6606,-22.0277,-22.4107
13305,0.214684,1.06078e+10,-19.2393,-20.2886,-20.6973,-20.8208,-21.0598
13354,0.157625,2.17069e+10,-19.4276,-20.4889,-21.0576,-21.3459,-21.6273
13529,0.302448,2.34796e+09,-18.8225,-19.5590,-19.8632,-19.8841,-19.8251
1354,0.249474,4.27245e+10,-20.3401,-21.4761,-21.9599,-22.1568,-22.4065
13545,0.214018,1.07018e+11,-19.2601,-21.3801,-22.2578,-22.7019,-23.1359
13689,0.251803,3.18118e+10,-20.1486,-21.2954,-21.7371,-21.9177,-22.2077
1371,0.119015,4.65869e+10,-18.4726,-20.4084,-21.2481,-21.6372,-22.0151
13736,0.150225,3.97851e+09,-17.2246,-18.6435,-19.1720,-19.4067,-19.7041
13802,0.313563,7.68005e+10,-20.4370,-21.4638,-22.0511,-22.4383,-22.6635
13820,0.135747,4.75573e+08,-15.8567,-16.9245,-17.3934,-17.4113,-17.3367
13864,0.300833,6.68054e+10,-19.6208,-21.0484,-21.8518,-22.2323,-22.6166
13896,0.157334,3.51774e+08,-15.7374,-17.1626,-17.6198,-17.5762,-17.6423
13908,0.239799,9.45204e+10,-19.4200,-21.3220,-22.1104,-22.4701,-22.8213
14074,0.261912,6.14834e+09,-18.8179,-19.9032,-20.2902,-20.3559,-20.6500
14113,0.242411,1.43149e+10,-19.0195,-19.9502,-20.4996,-20.7643,-20.8732
1415,0.211872,2.09163e+11,-20.2278,-21.9626,-22.8540,-23.2786,-23.6506
14212,0.204490,1.53667e+10,-17.9723,-19.4143,-20.1881,-20.5472,-21.0150
14261,0.285869,4.98419e+08,-17.5141,-18.5884,-18.6072,-18.9413,-17.6925
14279,0.0453895,2.25195e+10,-18.3567,-19.9177,-20.6442,-20.9864,-21.2782
14284,0.181066,3.48637e+10,-18.7652,-20.5880,-21.2340,-21.5017,-21.8193
14331,0.221199,7.05993e+09,-17.9037,-19.4123,-19.8423,-20.1356,-20.4763
14340,0.277380,2.24803e+11,-15.8741,-22.0140,-22.9889,-23.3721,-23.6650
14375,0.323213,7.17934e+10,-19.9918,-21.4261,-22.0956,-22.3378,-22.3915
14377,0.139410,3.32488e+10,-18.7953,-20.4477,-21.1662,-21.5287,-21.9127
14403,0.289718,1.29880e+10,-17.9224,-19.6272,-20.2046,-20.5404,-20.1023
14421,0.174903,2.26720e+11,-20.5400,-22.2570,-23.0444,-23.4202,-23.7346
14437,0.149295,5.97436e+09,-16.0017,-18.4187,-19.2510,-19.6774,-20.0206
14445,0.237004,1.37444e+11,-19.3975,-21.5006,-22.4081,-22.8144,-23.1530
14480,0.330780,3.12373e+10,-18.2210,-20.1591,-20.9557,-21.2563,-21.5716
14481,0.243580,8.86280e+10,-20.1370,-21.2603,-22.0519,-22.3851,-22.7713
14524,0.272116,4.20763e+10,-19.2758,-20.7629,-21.4333,-21.8124,-22.1288
14593,0.307205,1.51691e+11,-20.5183,-21.3089,-22.4381,-22.9771,-23.3882
14784,0.192329,2.46598e+10,-18.7010,-20.0354,-20.7841,-21.1513,-21.5016
14816,0.107221,2.53280e+10,-17.9210,-19.8254,-20.6345,-21.0276,-21.3463
14965,0.281020,1.08541e+10,-18.8049,-20.1974,-20.5439,-20.8051,-20.8679
1504,0.317212,3.87956e+10,-19.1293,-20.2821,-21.0061,-21.4847,-21.5054
15057,0.246875,2.98320e+09,-17.9246,-18.9860,-19.3992,-19.4376,-20.0082
15129,0.198276,5.03442e+10,-19.6546,-21.1075,-21.7893,-22.1160,-22.4147
15136,0.148646,8.79538e+10,-20.6501,-21.7632,-22.3774,-22.6762,-23.0116
15137,0.278978,1.55326e+10,-17.6108,-19.7649,-20.4363,-20.8000,-21.1372
15201,0.208796,1.12798e+11,-18.8972,-21.2777,-22.2123,-22.5900,-22.9185
15203,0.204425,1.15167e+10,-16.7311,-19.2282,-19.9700,-20.2004,-20.3710
15219,0.247486,5.04054e+10,-18.6371,-20.8486,-21.6145,-21.9882,-22.3980
15234,0.136305,2.31351e+10,-19.0587,-20.3170,-20.9250,-21.2134,-21.5324
15268,0.298553,1.32708e+09,-18.2283,-19.5309,-19.7306,-19.8642,-17.9336
15272,0.280172,1.56947e+11,-19.8931,-21.8438,-22.6976,-23.1474,-23.5544
15301,0.179879,6.94244e+09,-17.8164,-18.9936,-19.5928,-19.8714,-20.2066
15303,0.234289,1.31339e+10,-19.1332,-20.0641,-20.5626,-20.7428,-21.0103
15325,0.213997,5.09123e+10,-18.6856,-20.6254,-21.4229,-21.7808,-22.1620
15351,0.316390,3.08323e+10,-19.7567,-20.7912,-21.3235,-21.5550,-21.7443
15356,0.274880,2.08683e+10,-18.3506,-19.5463,-20.4999,-20.9558,-21.4712
15359,0.311999,1.16043e+10,-19.7047,-20.5148,-20.9769,-21.0527,-21.3608
15365,0.187992,6.75130e+10,-19.5632,-21.1299,-21.8661,-22.2175,-22.5876
15383,0.316046,3.92727e+10,-18.9424,-20.4722,-21.1784,-21.5629,-21.7934
15419,0.277779,4.51113e+09,-17.0072,-18.3315,-18.9373,-19.3848,-19.5147
15421,0.185368,1.18026e+10,-19.5196,-20.4514,-20.8710,-20.9505,-21.1023
15425,0.159892,2.64966e+10,-18.2687,-20.1364,-20.8408,-21.1508,-21.4217
15433,0.220726,3.87045e+10,-17.9943,-20.5503,-21.2960,-21.6340,-22.0185
15440,0.262263,3.65666e+10,-18.8351,-20.4039,-21.1417,-21.5572,-21.8262
15443,0.181908,1.86291e+10,-19.0240,-20.2596,-20.7997,-21.0105,-21.2868
15459,0.126795,8.54552e+08,-16.9799,-18.0810,-18.4145,-18.4796,-18.4543
15461,0.186211,2.00761e+10,-18.8377,-20.2552,-20.8862,-21.1625,-21.4204
15467,0.210412,2.37525e+10,-19.8858,-21.0788,-21.5210,-21.6474,-21.8925
15483, 0.00000, 592.609, 1.86748,0.237539,-1.42259,-2.02901,-2.35846
15535,0.200824,1.46565e+10,-17.8960,-19.3314,-20.1322,-20.5229,-20.8837
15558,0.305936,3.94934e+09,-19.1597,-20.0218,-20.2870,-20.2438,-20.4819
15587,0.218787,4.05430e+10,-19.9676,-21.0649,-21.6421,-21.8811,-22.1480
15648,0.175017,1.09199e+11,-19.1105,-21.2211,-22.1406,-22.5758,-22.9400
15663,0.292145,2.70813e+10,-17.6550,-20.2574,-20.9018,-21.1940,-21.3741
15719,0.268604,1.05613e+10,-17.7524,-19.4356,-20.1855,-20.4243,-20.8885
15765,0.304804,2.79831e+11,-20.9694,-22.3720,-23.1898,-23.5936,-23.8853
15784,0.277591,3.64990e+10,-19.7625,-21.1948,-21.6826,-21.9238,-22.1457
15806,0.251766,5.25905e+10,-19.5665,-20.8653,-21.6416,-21.9617,-22.3686
15829,0.248868,4.57405e+08,-16.8639,-18.1093,-18.4901,-18.1992,-19.0492
15866,0.190044,9.44516e+10,-18.2860,-21.0898,-22.0016,-22.4122,-22.7161
15901,0.204837,4.50603e+09,-18.2137,-19.6713,-20.1018,-20.1978,-20.2773
15909,0.218095,9.55719e+10,-19.4887,-21.2607,-22.0658,-22.4424,-22.7797
15950,0.220425,1.44891e+11,-20.9906,-22.3306,-22.9518,-23.2315,-23.5631
15971,0.315882,9.53079e+10,-19.6036,-21.2617,-22.0630,-22.4748,-22.7950
16021,0.124641,1.11378e+10,-18.3328,-19.6791,-20.2147,-20.4274,-20.6666
16069,0.128765,3.96829e+10,-19.4157,-20.7484,-21.4363,-21.7782,-22.1353
16073,0.154732,5.39243e+09,-18.1187,-19.0825,-19.5572,-19.8206,-20.1837
16093,0.336066,1.40675e+10,-18.9949,-20.3747,-20.8931,-21.0410,-21.4725
16116,0.156508,3.45209e+09,-17.7467,-18.6348,-19.0786,-19.2443,-19.5323
16163,0.155053,3.21153e+10,-19.3870,-20.7413,-21.3509,-21.5992,-21.8579
16185,0.101359,3.68708e+09,-16.1730,-17.8435,-18.5835,-18.9196,-19.2196
16199,0.282385,9.06366e+09,-18.3953,-19.4147,-20.0006,-20.2304,-20.0591
16206,0.159727,5.23294e+10,-18.8459,-20.6121,-21.4107,-21.7799,-22.1131
16237,0.313205,1.02526e+10,-19.5892,-20.0695,-20.6361,-20.6865,-20.9029
16298,0.282787,2.96104e+10,-16.7042,-20.0794,-20.8854,-21.4096,-21.8667
16393,0.316414,7.24197e+10,-19.7561,-20.9764,-21.8132,-22.2405,-22.6030
16405,0.275718,7.67839e+10,-20.1661,-21.3678,-22.0154,-22.3296,-22.5038
16460,0.281994,2.08283e+09,-17.7330,-18.7582,-19.1523,-19.1750,-19.6467
1658,0.277280,3.95315e+09,-17.8704,-19.5334,-19.8138,-20.0522,-19.6589
16590,0.306370,1.77874e+10,-18.7350,-20.6878,-21.1398,-21.2876,-21.7286
16739,0.265681,1.71055e+10,-18.8365,-19.9506,-20.4972,-20.8162,-20.8730
17168,0.185182,4.18661e+09,-18.4177,-19.5138,-19.9016,-19.9561,-20.1188
17186,0.0788358,3.52147e+07,-14.7052,-15.9745,-16.1178,-15.6729,-16.2369
17206,0.156466,2.34280e+10,-18.1677,-19.7042,-20.5798,-21.0290,-21.4025
17218,0.178386,1.23909e+10,-18.6445,-19.7721,-20.3155,-20.5390,-20.8172
17395,0.302609,3.64236e+10,-19.4391,-20.8589,-21.4832,-21.7811,-22.1100
17423,0.265205,4.57373e+10,-19.5635,-20.7260,-21.4688,-21.8123,-22.1491
17552,0.253338,2.57486e+10,-18.4501,-20.0351,-20.8454,-21.2509,-21.7364
17647,0.274620,3.23575e+09,-15.9685,-19.5771,-19.7014,-20.0245,-19.9543
17687,0.303252,2.68616e+10,-18.8305,-20.4328,-20.9983,-21.3562,-21.5562
17695,0.182905,4.32804e+09,-18.2258,-19.0677,-19.5073,-19.6573,-19.8763
17773,0.288060,6.26952e+09,-18.8765,-19.7426,-20.1607,-20.2592,-20.4765
17809,0.288978,7.51041e+09,-18.4387,-19.6048,-19.9773,-20.2810,-20.3209
17899,0.288817,6.13049e+09,-18.7892,-19.5184,-19.9780,-20.0894,-20.2884
1794,0.142767,6.92030e+08,-16.8970,-18.4285,-18.7509,-18.7376,-18.8577
17949,0.263954,1.45885e+10,-18.5459,-19.3464,-20.2255,-20.4422,-20.4173
18011,0.284038,3.18953e+10,-19.3436,-20.6495,-21.3269,-21.6369,-22.0726
18049,0.288612,1.32706e+10,-18.8591,-19.8566,-20.3379,-20.6265,-20.6585
18189,0.285774,6.99507e+10,-19.4247,-21.3771,-22.0626,-22.4361,-22.8028
18201,0.293032,8.34942e+10,-20.5101,-21.6544,-22.3065,-22.6375,-23.0230
18273,0.316223,1.93995e+10,-19.7183,-20.7265,-21.2213,-21.3696,-21.7717
18283,0.299104,6.82673e+10,-19.4518,-21.2505,-21.9535,-22.3393,-22.6949
18301,0.331558,1.04991e+11,-19.5506,-21.4698,-22.2926,-22.7369,-23.1471
18324,0.266946,1.75118e+09,-15.9886,-18.6622,-19.0349,-19.1650,-19.4228
18333,0.254015,2.89372e+10,-19.4948,-20.5199,-21.1173,-21.4455,-21.6977
18362,0.236310,2.98635e+10,-19.1793,-20.4347,-21.1177,-21.4379,-21.7596
18363,0.308526,7.13902e+09,-19.0586,-19.8222,-20.2654,-20.3526,-20.8013
18375,0.110533,1.69785e+10,-18.2615,-19.7217,-20.3875,-20.6872,-20.9567
18456,0.219935,4.03367e+10,-19.0903,-20.6581,-21.3555,-21.6537,-21.9749
18588,0.251307,5.49295e+09,-18.7028,-19.5455,-19.8920,-20.0571,-20.1849
18602,0.138333,2.18574e+09,-16.9336,-17.6591,-18.2279,-18.4939,-18.7974
18604,0.176261,1.14603e+09,-15.8667,-15.4180,-16.4637,-18.1278,-17.8592
18612,0.114830,6.46378e+10,-19.5648,-21.0834,-21.8216,-22.1704,-22.4767
18617,0.327388,9.03363e+09,-18.7082,-19.8908,-20.3753,-20.5376,-20.7907
18650,0.113721,8.49876e+08,-16.4953,-17.3959,-17.7932,-17.9546,-18.2003
18697,0.107262,2.05264e+10,-18.7573,-20.1108,-20.7500,-21.0688,-21.4051
18749,0.190626,9.22245e+10,-19.5506,-21.2583,-22.0441,-22.4127,-22.7255
18804,0.198426,1.44048e+10,-19.4048,-20.2833,-20.8123,-20.9024,-21.0787
18827,0.298711,8.95998e+09,-19.2328,-21.2302,-22.1674,-20.6277,-22.5364
18835,0.123186,3.61919e+10,-18.6025,-20.1619,-20.9960,-21.4016,-21.7625
18940,0.212394,1.16201e+10,-19.0993,-20.2180,-20.6949,-20.8437,-20.9951
18965,0.205903,3.05617e+10,-19.1355,-20.4215,-21.0799,-21.3453,-21.6113
18971,0.271364,8.73950e+10,-19.7353,-21.3655,-22.1160,-22.4866,-22.8084
18972,0.331027,1.77289e+11,-21.1419,-21.9905,-22.7852,-23.1823,-23.5056
19027,0.292623,1.25523e+09,-18.4558,-19.1372,-19.5276,-19.3881,-19.6591
19051,0.277738,1.26974e+11,-20.0337,-21.6337,-22.3977,-22.7481,-23.0305
19149,0.211280,2.84307e+09,-18.0563,-19.1483,-19.5280,-19.6271,-19.7584
19155,0.0768839,2.40064e+10,-18.4213,-20.0026,-20.7630,-21.1710,-21.5895
19246,0.335255,5.82799e+10,-18.1049,-20.9944,-21.6660,-22.0465,-22.2964
19274,0.254650,9.63008e+09,-17.9807,-19.1910,-19.8380,-20.2086,-20.4769
19353,0.154034,4.64547e+10,-19.2157,-20.5939,-21.3807,-21.7820,-22.2075
19414,0.291782,8.55709e+10,-19.3051,-21.0859,-21.9345,-22.3760,-22.7238
19425,0.211382,2.12831e+10,-16.4816,-19.5517,-20.4029,-20.8074,-21.1966
19449,0.330939,8.51379e+09,-19.0414,-19.8498,-20.2891,-20.4224,-20.5500
19652,0.245992,1.09852e+10,-18.9298,-20.0481,-20.5786,-20.6550,-21.2344
19708,0.237433,5.02602e+10,-18.5879,-20.6115,-21.3903,-21.7448,-22.0555
19769,0.252555,1.08599e+10,-18.6789,-19.8302,-20.4145,-20.5192,-20.8037
19772,0.175175,4.65225e+10,-18.8766,-20.5917,-21.3535,-21.7036,-22.0361
19775,0.138092,1.55130e+10,-17.1691,-19.2032,-20.0795,-20.5249,-20.8573
19818,0.305063,1.70904e+10,-19.3075,-20.3755,-20.8017,-21.0786,-21.2522
19821,0.266108,2.27487e+10,-18.4186,-19.8121,-20.5352,-20.9114,-21.0932
1991,0.315478,1.00206e+10,-19.5443,-20.2237,-20.6038,-20.7388,-20.7582
19953,0.123241,3.50848e+09,-18.3360,-19.3430,-19.7379,-19.8072,-19.8949
19968,0.0559673,2.43533e+10,-18.2203,-19.9504,-20.6745,-20.9828,-21.2914
19969,0.175242,2.02805e+10,-19.6836,-20.7818,-21.2552,-21.4193,-21.6677
19990,0.249824,2.31228e+10,-18.7183,-19.7990,-20.5883,-20.9882,-21.2914
20046,0.263987,1.08007e+10,-18.5657,-19.4974,-20.1275,-20.4153,-20.8012
20048,0.185319,3.44987e+10,-18.1277,-19.9176,-20.8948,-21.3208,-21.7072
20064,0.104879,7.67690e+10,-19.0763,-20.9245,-21.8291,-22.2936,-22.7166
20065,0.309856,1.06838e+11,-17.8850,-21.8254,-22.5016,-22.8004,-23.1071
20084,0.139721,1.04006e+09,-16.5449,-16.7555,-18.1254,-17.0242,-18.3864
20088,0.244561,9.87676e+10,-20.0961,-21.4765,-22.2561,-22.6331,-22.9938
20104,0.178292,1.96135e+09,-16.7278,-17.8286,-18.4371,-18.7432,-18.9121
20111,0.244213,4.95406e+10,-19.8168,-20.5648,-21.3699,-21.7493,-22.0734
20125,0.166127,6.71101e+10,-19.0231,-20.8892,-21.6719,-22.0235,-22.3070
20232,0.217736,7.46776e+10,-19.3903,-20.9481,-21.7957,-22.2082,-22.5767
20319,0.318755,3.48504e+10,-19.4907,-20.6394,-21.2271,-21.5272,-21.6930
20364,0.218458,1.34807e+10,-18.1581,-19.7540,-20.4073,-20.7494,-21.0473
20386,0.307786,1.64737e+11,-19.6280,-21.7332,-22.5887,-23.0362,-23.3632
20400,0.293694,5.12433e+10,-19.1688,-20.6493,-21.4535,-21.8904,-22.2390
20467,0.270945,9.41263e+09,-18.0651,-19.3578,-19.9698,-20.3028,-20.7013
20528,0.135746,7.04630e+10,-19.3090,-21.0664,-21.8995,-22.3265,-22.6674
20545,0.189457,1.97357e+10,-18.9204,-20.2679,-20.8870,-21.1514,-21.3980
20575,0.198706,1.23207e+11,-19.3862,-21.5071,-22.3191,-22.6913,-23.0350
20578,0.290360,1.98409e+11,-19.7208,-21.7902,-22.7817,-23.2332,-23.5881
20625,0.107964,3.56089e+10,-19.5024,-20.7973,-21.3936,-21.6563,-21.9204
20663,0.299630,3.60400e+10,-19.3161,-20.5205,-21.2223,-21.5636,-21.8635
20722,0.301338,5.01103e+10,-19.6178,-20.8425,-21.4955,-21.8231,-21.9609
20750,0.305629,9.89307e+10,-18.7749,-21.2873,-22.0929,-22.4824,-22.7905
20764,0.165948,5.72994e+10,-19.7886,-21.1636,-21.8407,-22.1531,-22.4356
20768,0.238524,3.16212e+10,-15.3627,-20.3259,-20.8089,-21.1730,-21.6817
2081,0.251675,1.63522e+10,-19.3452,-20.3269,-20.8352,-21.0242,-21.5081
20882,0.314263,2.32075e+10,-18.5070,-20.1594,-20.8970,-21.0899,-21.2288
21015,0.329338,5.33044e+10,-19.5585,-20.9480,-21.6400,-22.0287,-22.3639
21034,0.108558,2.91230e+10,-20.0087,-20.9249,-21.4538,-21.7078,-21.9941
21487,0.189139,3.37390e+10,-19.1447,-20.6452,-21.2727,-21.5355,-21.8449
21502,0.0891632,6.80218e+10,-19.0483,-20.7974,-21.6973,-22.1645,-22.5058
21543,0.324883,7.06820e+09,-20.7261,-18.8280,-22.1120,-19.4459,-18.9519
21813,0.325169,4.40728e+10,-20.0410,-20.3800,-21.2358,-21.6122,-21.9577
22075,0.129964,9.49148e+10,-19.3613,-21.2384,-22.0393,-22.4080,-22.7234
2330,0.213361,6.76579e+09,-18.1160,-18.9957,-19.5641,-19.7507,-20.2143
2372,0.180438,1.77603e+10,-18.1113,-19.5892,-20.3655,-20.7628,-21.1946
2440,0.191126,1.82673e+10,-19.4536,-20.5134,-21.0150,-21.2306,-21.5074
2532,0.268899,1.75060e+11,-20.1214,-21.9572,-22.7383,-23.1508,-23.4408
2639,0.216312,5.58678e+10,-19.1156,-20.9483,-21.6597,-21.9745,-22.2640
2855,0.245102,2.35521e+09,-18.3115,-18.8058,-19.3584,-19.3316,-19.4648
3087,0.165494,4.94091e+09,-18.2089,-19.0209,-19.4974,-19.7055,-19.9691
3205,0.147577,2.00704e+10,-18.6305,-19.9477,-20.6846,-21.0647,-21.4093
3241,0.259082,1.43119e+11,-20.5832,-21.9292,-22.7053,-23.0886,-23.4745
3256,0.108243,5.79412e+09,-17.4611,-18.7964,-19.4190,-19.6871,-19.9323
3317,0.161011,9.53740e+09,-18.4253,-19.5684,-20.1100,-20.2726,-20.5017
3331,0.213132,4.85829e+10,-18.9264,-20.7454,-21.5027,-21.8627,-22.2586
3452,0.231156,6.31931e+08,-17.7986,-18.6236,-18.8903,-18.8053,-18.4090
3565,0.289815,3.48634e+11,-21.0206,-22.7456,-23.5356,-23.9606,-24.2982
3592,0.0866096,3.23573e+08,-13.4981,-16.2826,-16.7833,-16.8200,-17.1874
3674,0.188158,2.03204e+10,-17.7773,-19.4741,-20.3537,-20.7286,-21.0067
3825,0.313473,6.80867e+10,-19.6086,-21.2169,-21.9185,-22.3143,-22.6607
3901,0.0628244,3.84476e+09,-18.3379,-19.7409,-20.0767,-20.1403,-20.4191
3983,0.308011,2.66663e+09,-19.1939,-19.9569,-20.3841,-20.2692,-19.7996
4000,0.277673,5.87010e+10,-20.0297,-21.2920,-21.8984,-22.1895,-22.4334
4019,0.181316,7.38857e+10,-20.3194,-21.5183,-22.1556,-22.4533,-22.7723
4311,0.296352,2.55382e+10,-19.7452,-20.6012,-21.1613,-21.3868,-21.6394
4676,0.245093,1.16766e+10,-18.1522,-19.3875,-20.0962,-20.4122,-20.8245
4969,0.306840,7.51637e+10,-19.6873,-21.3686,-22.1034,-22.4820,-22.9231
5103,0.161980,8.27666e+08,-17.7173,-18.2184,-18.5627,-18.5109,-18.4737
5199,0.221974,3.06702e+09,-17.2340,-18.5558,-19.0448,-19.1158,-19.6963
5230,0.322050,8.74390e+10,-20.9839,-22.1318,-22.6526,-22.8824,-23.2617
5235,0.252251,2.09891e+08,-16.6692,-17.2354,-17.9196,-17.3576,-17.1141
5533,0.220250,4.63515e+09,-18.9189,-20.0374,-20.4670,-20.3065,-20.6435
5550,0.156273,3.50119e+09,-18.5066,-18.9847,-19.5078,-19.5412,-19.5716
5751,0.130600,2.67574e+10,-18.7181,-20.1154,-20.8704,-21.2387,-21.5464
5776,0.238633,9.63149e+10,-18.8892,-21.2416,-22.0510,-22.4513,-22.7255
5802,0.300697,6.92764e+09,-17.8956,-18.8150,-19.4221,-19.7945,-20.0301
5879,0.153222,1.44885e+10,-18.3501,-19.6343,-20.3641,-20.7261,-21.0447
5890,0.179994,2.95762e+10,-19.0272,-20.2399,-20.9800,-21.3336,-21.6341
5916,0.174091,5.01347e+10,-19.1605,-20.7242,-21.5033,-21.8811,-22.2386
5944,0.0459424,4.70570e+10,-19.0051,-20.6576,-21.4019,-21.7553,-22.0393
5959,0.207740,9.66898e+10,-20.3064,-21.5172,-22.2199,-22.5069,-22.8018
5963,0.236932,1.32574e+10,-18.8464,-20.1405,-20.6701,-20.8879,-20.9786
5966,0.309308,6.28919e+10,-19.8392,-21.4015,-22.0484,-22.3214,-22.6229
5978,0.280661,1.93059e+09,-18.6471,-19.2980,-19.6638,-19.5291,-20.0317
6057,0.0670584,1.03575e+10,-18.5185,-19.6397,-20.1878,-20.4435,-20.7134
6192,0.272468,1.47712e+09,-18.2254,-19.3813,-19.7832,-19.5235,-19.6450
6196,0.281366,9.34506e+10,-19.9790,-21.1272,-22.0323,-22.4802,-22.8846
6249,0.295075,1.27737e+10,-18.9944,-20.2547,-20.6363,-20.8796,-21.0194
6275,0.273302,4.93083e+10,-18.4166,-20.5775,-21.3817,-21.8726,-22.1830
6406,0.124488,2.18658e+10,-18.7846,-20.2682,-20.9181,-21.2150,-21.5406
6422,0.186443,4.94718e+09,-17.2487,-18.8197,-19.3423,-19.5570,-19.9014
6479,0.234579,1.53283e+10,-18.5999,-19.8484,-20.4734,-20.7043,-21.0500
6530,0.194789,1.25236e+10,-16.4003,-18.9555,-19.8051,-20.2360,-20.3766
6556,0.258284,8.07045e+10,-20.2368,-21.5491,-22.2203,-22.5385,-22.8542
6558,0.0574020,3.78833e+09,-16.7551,-18.1061,-18.7922,-19.1204,-19.4264
6709,0.280479,1.29554e+11,-20.1653,-21.5339,-22.4223,-22.8861,-23.2899
6851,0.304822,1.01202e+11,-19.9130,-21.3905,-22.1642,-22.5586,-22.8613
6875,0.167419,2.14838e+10,-19.1647,-20.3619,-20.9657,-21.2464,-21.5588
6895,0.217546,1.21507e+11,-19.7054,-21.7066,-22.4704,-22.8289,-23.1731
6896,0.335040,1.03508e+11,-19.7763,-21.6269,-22.3207,-22.7100,-23.0143
6903,0.253307,1.51134e+11,-19.4446,-21.6933,-22.5445,-22.9446,-23.3110
6936,0.180198,1.53120e+10,-18.7221,-19.9172,-20.4758,-20.6955,-20.9746
6962,0.0938889,7.57507e+10,-19.3901,-21.0616,-21.8485,-22.2235,-22.5657
703,0.298064,7.99877e+09,-18.7134,-19.4470,-19.9664,-20.1458,-20.2514
7143,0.305158,2.99832e+10,-18.9325,-20.1972,-20.8982,-21.4066,-21.7652
7147,0.110232,2.26571e+10,-17.3780,-19.6652,-20.4796,-20.8636,-21.1842
7373,0.280070,3.59981e+10,-19.8724,-21.0995,-21.6034,-21.8523,-22.0763
7444,0.250405,8.05106e+09,-17.5403,-19.2050,-19.8239,-20.1562,-20.6038
7600,0.188079,5.87236e+10,-18.6577,-20.6027,-21.4807,-21.8947,-22.2702
762,0.191391,1.20060e+11,-20.0528,-21.8258,-22.5248,-22.8322,-23.1553
7644,0.310065,1.22467e+10,-19.4358,-20.2775,-20.7243,-20.8718,-21.2191
779,0.238121,1.05679e+10,-19.4841,-20.3413,-20.7414,-20.8287,-20.9624
7847,0.212804,2.48366e+10,-18.5121,-20.1517,-20.8695,-21.2060,-21.5316
7876,0.0760231,4.48877e+07,-15.9774,-16.3142,-16.3847,-16.2389,-15.8730
7882,0.336325,8.89860e+09,-16.8901,-19.4758,-20.1151,-20.3497,-20.8860
8195,0.268701,2.16161e+11,-20.3667,-22.1403,-23.0146,-23.4584,-23.8669
8213,0.186176,1.11619e+10,-17.7559,-18.7010,-19.6815,-20.1880,-20.6046
8216,0.291309,3.35933e+09,-17.7679,-19.3573,-19.7697,-19.8896,-19.1727
822,0.237686,6.54599e+09,-16.7786,-18.7764,-19.5018,-19.7897,-20.4261
8254,0.189130,4.95971e+09,-18.5531,-19.2838,-19.7127,-19.8082,-19.9579
8495,0.214977,5.80011e+10,-19.4372,-21.0582,-21.7729,-22.1142,-22.5031
8555,0.197657,7.21745e+09,-18.8395,-19.8037,-20.2508,-20.3629,-20.5176
859,0.278335,5.26264e+09,-18.1073,-18.9715,-19.5504,-19.7685,-20.2775
8719,0.117570,2.05976e+09,-17.8950,-18.5608,-18.9407,-19.0328,-19.1910
8742,0.215379,5.98969e+09,-18.5594,-19.7860,-20.1922,-20.3180,-20.5345
8921,0.145385,1.37605e+10,-18.5830,-20.0416,-20.5618,-20.7841,-21.0882
893,0.109775,8.24983e+10,-19.5067,-21.1836,-21.9793,-22.3703,-22.7010
9133,0.267242,2.57508e+10,-19.3419,-20.5653,-21.0770,-21.3829,-21.5489
9326,0.291064,6.76956e+10,-19.3823,-20.7286,-21.6022,-22.1520,-22.4337
9467,0.220276,6.38926e+10,-17.9259,-21.1346,-21.8203,-22.0625,-22.4324
9594,0.298198,7.31754e+10,-18.5588,-21.0468,-21.7873,-22.1967,-22.4399
9954,0.228476,5.98350e+09,-19.0039,-19.5605,-19.9885,-20.2401,-20.1276
