SNID	ra	dec	redshift	err_redshift	mu	err_mu	u	g	r	i	z	err_u	err_g	err_r	err_i	err_z	hr
762	15.5360688758	-0.879656544293	0.19138100743293762	2.409999979136046e-05	39.90730667114258	0.08214540034532547	24.65394427724391	23.82255491887339	22.95361668199279	22.613364261969778	22.179238577001566	0.7926700445631036	0.09080151388396199	0.042879995740405755	0.042785508038313325	0.1359896279417284	0.15382541217564238
1032	46.7959160156	1.11997988304	0.1297551989555359	3.396579995751381e-05	38.667022705078125	0.12440700083971024	24.920457094220268	24.74364320494908	23.73052934437763	23.32075466396094	22.86597812928584	0.6110913525116782	0.16137279737531657	0.09854286683048548	0.11723403829675755	0.2658210630939464	-0.15412571647477336
1371	349.373744326	0.429687074666	0.11934299767017365	2.6199999410891905e-05	38.486148834228516	0.06189880147576332	23.228620692575124	21.51796348059298	20.423610925906143	19.999402127625444	19.617179617688983	0.16215844609857405	0.0164839227609026	0.0076637604363521345	0.006428347306453996	0.015407534101978025	-0.13769898055825536
1794	317.836954502	-0.445390108886	0.14191000163555145	6.340000254567713e-05	39.307220458984375	0.08301299810409546	23.759709967134597	23.76929287316392	23.08884503901309	22.890120713108843	22.809261371932898	0.4386832222739788	0.11165372318434667	0.08013154936111631	0.06827074991654668	0.24501619296683821	0.273617171930681
2372	40.520832897	-0.541037218526	0.1804649978876114	2.2899999748915434e-05	39.48801040649414	0.06899499893188477	24.80709206691033	22.845644619264924	21.836987314282478	21.403763415194636	21.018580427463558	0.8706918423215988	0.030426102428682007	0.015505878204636064	0.012495880261464726	0.03254916419612689	-0.12278133264735658
2440	42.6338902389	0.807330739222	0.19113899767398834	6.000000212225132e-06	39.94658279418945	0.0806369036436081	23.701208103774967	22.903913498261673	22.360453415095478	22.00676538091555	21.91838614942831	0.20783576475761362	0.032272782115063854	0.02703164975760129	0.02449029033289014	0.08174522586114158	0.19618300559947954
3087	20.4066041137	-0.977154295079	0.16550999879837036	1.5400000847876072e-05	39.34550857543945	0.06497160345315933	23.626963200811723	22.682219683589263	22.138831379758983	21.858965202391882	21.607615503981275	0.4143696184255754	0.03411050714948586	0.020505491829199744	0.021389980777395772	0.07424017051421204	-0.05632099314154715
3317	26.9626808507	0.640418353686	0.1610109955072403	2.9999999242136255e-05	39.17323303222656	0.06671889871358871	24.061045575987556	22.69789331306431	21.9424516919955	21.576390581838506	21.320534943956307	0.3144378686245708	0.027979414820568056	0.017860611067725195	0.016846089331560673	0.044176144093225754	-0.16231956463560948
3592	19.052656073	0.791713429897	0.08657780289649963	4.6799999836366624e-05	37.87779235839844	0.059262100607156754	24.431060256826388	23.478821913474647	23.065440259525868	22.751584402884152	22.467016054496177	0.5800508491173569	0.06618276661975436	0.052097217057239874	0.05292963998195881	0.14367222607980273	0.0016127603861377793
3674	359.788918253	0.163242572	0.188168004155159	5.0099999498343095e-05	40.1631965637207	0.13246899843215942	23.701208103774967	24.11447225286288	23.63970174589721	23.85227489616455	24.071548088390795	0.32626327751641043	0.10714502020639435	0.07954662107559167	0.13278190140486978	0.7541282855627668	0.4509208100634581
3901	14.8504232858	0.0026231287935	0.06286069750785828	8.300000445160549e-06	37.14672088623047	0.08016259968280792	21.80168480004368	20.716404940728864	20.30015578247997	20.0816354152132	19.954614098212787	0.039937111990306993	0.005531643753916885	0.003910463839867787	0.003768484629935432	0.010995014815220996	0.0038004001742493188
4019	1.26189149256	1.14640626365	0.1814039945602417	4.6299999667098746e-05	39.57805633544922	0.08171349763870239	24.56286611530066	24.381735524054253	23.457668170814962	23.924662640036033	22.944122363611946	0.8002581527613316	0.17511874270292407	0.12273225627971136	0.2787641033083986	0.3632624864178319	-0.04531718687162112
5103	359.88435201	0.736853739454	0.1619890034198761	1.0099999599333387e-05	39.273841857910156	0.0646383985877037	23.960108263000865	23.389087292483982	23.080136563224706	22.82045050803542	22.856801664170916	0.3295534115478068	0.06774831158984206	0.05561336763093802	0.05940820743016181	0.21976397319721744	-0.07626245134456866
5550	3.59849197531	0.333176421282	0.15629099309444427	1.4600000213249587e-05	39.40480041503906	0.06722459942102432	23.889262187825622	23.41447375047266	22.83623007103657	22.584863892777154	22.679746881663583	0.38398512112832067	0.06650481356510793	0.04254912153781859	0.039801705421597895	0.18464925445236566	0.14064569934541282
5751	11.6343617536	0.838162572663	0.13055500388145447	1.340000017080456e-05	38.79825973510742	0.056200701743364334	23.213516574554134	21.86644676162018	20.94189101307522	20.45361668199279	20.067861323763736	0.12772688402414978	0.012922729935550815	0.007482680335742911	0.006561642893665818	0.014931657978658416	-0.03742663113685296
5890	332.515785227	0.60969181226	0.17997199296951294	1.5600000551785342e-05	39.72639083862305	0.0818822979927063	24.298075875164496	24.991362908796205	23.580684332699796	23.318845956399766	22.853069895806346	0.4821665038588259	0.3105917503775305	0.09821786531865641	0.10679372505817668	0.24657760471765827	0.12222909227415357
5916	5.43714697377	-0.324991509354	0.1740739941596985	1.920000067912042e-05	39.31669998168945	0.0702420026063919	23.17386608895555	21.74384270501749	20.541544137772586	20.019307848936347	19.653509548026985	0.1998488823614733	0.016734583556730433	0.007607539393883492	0.006532071475780616	0.014577899242429007	-0.20682121047639868
5944	29.202113954	-0.212564848	0.04591529816389084	1.5999999959603883e-05	36.55533981323242	0.0843873992562294	23.65692234804868	23.108567367047577	22.442068687360674	22.125407328681234	21.85318164603794	0.15717572076874284	0.03168170912967644	0.019551756146780206	0.01869490777375613	0.0608790154884112	0.12252422257454043
6057	52.5537049033	-0.974470847362	0.06707180291414261	8.847900062392e-06	37.21722412109375	0.09426180273294449	23.00047691643251	21.79964349918034	21.13373848772628	20.760076305476225	20.52396098094458	0.19974701443868995	0.014423145017405348	0.008758951698792108	0.008611218928475457	0.025653606444418987	-0.0733583697909026
6406	46.0885711053	-1.06310220709	0.12448839843273163	1.260190038010478e-05	38.62273406982422	0.06805960088968277	23.44331586394212	21.87903174378131	20.986954806968953	20.518162642972655	20.204010152932028	0.2938545394624432	0.01657718172413236	0.00881650451984045	0.007821348692065886	0.021122963584759354	-0.10053970820153779
6422	349.138851263	-0.663468875572	0.18645499646663666	2.9200000426499173e-05	39.74188232421875	0.06559640169143677	23.619391201239054	23.114870642834198	22.468757877658135	22.10318878543307	21.674013075279944	0.6163963380217581	0.0598445574286868	0.03506779767575762	0.028009628825214503	0.08150706927096743	0.05184011383951059
6530	14.3291360946	0.0213559327165	0.19482499361038208	6.479999865405262e-05	39.669368743896484	0.10190600156784058	25.42008294163295	22.449178969515753	21.176185915066096	20.674422448795937	20.331350349542767	1.4661401305128026	0.027304624818214298	0.011272574428570978	0.009677576935286453	0.02676201796182594	-0.1275808681500834
6558	21.70191119	-1.23812378677	0.05738519877195358	1.2700000297627412e-05	36.99238967895508	0.08384030312299728	22.8477021074773	21.848248715222645	21.101925899087387	20.724533485041622	20.557416306480917	0.1890564939241204	0.01899792271244959	0.010766609021347713	0.009633504811944114	0.03192753956927955	0.056341602241374744
6936	323.233882079	-0.700060094909	0.18021200597286224	2.6699999580159783e-05	39.60319137573242	0.0745697021484375	23.395207963778105	23.036631295884508	22.2924214129036	21.95704247691802	21.525980812784073	0.2659780903616021	0.050046802034223486	0.02862530166775869	0.025207505004406217	0.07647094302350352	-0.004200180543037391
6962	38.8607664275	1.07451656216	0.09422019869089127	1.4899999769113492e-05	38.0338134765625	0.06736390292644501	21.843174789903756	20.114692786093634	19.13315089843041	18.693102196491104	18.316306221429393	0.05163329642721018	0.00506145160650943	0.0029296575579554384	0.0029449472925753557	0.006093948125888357	-0.03808136261220341
7147	350.018524626	-0.0556015240036	0.11021699756383896	1.9799999790848233e-05	38.252906799316406	0.07908099889755249	22.878617808760563	21.05430887686653	20.004494567773918	19.57149665465486	19.19560573329877	0.1443410426778372	0.010036150663618782	0.004831165800486256	0.004141031738637632	0.010067683883689995	-0.18429427761730466
7600	347.613583765	-1.10771429114	0.18807700276374817	3.270000161137432e-05	39.41433334350586	0.09766270220279694	24.12791518973904	22.063866148718287	20.766720608966963	20.247445393105586	19.881696180361196	0.7063245027623504	0.023651680686032232	0.009118487657148353	0.008093260191123379	0.02011387323262714	-0.29676596746875816
7876	19.1824345269	0.794563167128	0.07602299749851227	1.049999991664663e-05	37.5906867980957	0.06500960141420364	22.37554619896048	21.620175149600517	21.289696570085425	20.99814421762941	20.90479812509873	0.08225678270331112	0.016701588158924807	0.011514492361210877	0.011674663472433754	0.03458117975357642	0.013630441585497977
8213	357.521088751	-0.921527774274	0.18611200153827667	6.420000136131421e-05	39.44915771484375	0.09009689837694168	25.21125083468403	23.954157754572524	22.698611155209306	22.054502001925968	21.689635448472448	1.4351768969552927	0.13237902013027433	0.041110051403705626	0.03189957641606198	0.09188852434054309	-0.23641013709705305
8254	351.163752822	0.819966231914	0.18919500708580017	1.7899999875226058e-05	39.80006408691406	0.1084590032696724	23.81049105915016	22.893122948256362	22.236582246582948	21.932477667216673	21.750719206789363	0.36811056223935845	0.03846890500798483	0.027424927038942382	0.02785257311683575	0.08454945749207643	0.0745476134729941
8555	2.91560637427	-0.415042559333	0.1977040022611618	1.5300000086426735e-05	40.0189323425293	0.1021059975028038	23.04647931083688	22.298862029856178	21.627647371236264	21.303515217407973	21.114372380878265	0.12588604287514532	0.019920899061214376	0.012142732323284595	0.0110758999844951	0.03211308928446796	0.18618303355614785
8719	7.72191919728	-0.718633658324	0.11756599694490433	7.000000096013537e-06	38.626712799072266	0.060766398906707764	23.329706603287875	22.750830681087308	22.362032285278836	22.124137461630326	21.832127251535496	0.22401736359557145	0.03477219004135161	0.02804533247798709	0.02578438405611065	0.08212930856596778	0.03813544884521036
8921	325.00198806	-0.00806773134227	0.14538699388504028	1.5100000382517464e-05	39.18257522583008	0.07182479649782181	22.7970064366757	21.70822237943057	21.051942578353216	20.68842491531094	20.505228504781098	0.1204844847061429	0.01531480740407934	0.009896115189957987	0.009233831274111193	0.03079585980776677	0.09130869161683819
10028	17.7419418368	0.276128992799	0.06539160013198853	9.499999578110874e-06	37.02252197265625	0.09020110219717026	21.223124465173644	19.45378309293492	18.64055631989234	18.274015616509995	17.984475312986497	0.04122476719680612	0.003413605253261197	0.001933807319025897	0.001704239862974277	0.003942567913921623	-0.21023879049590022
10805	344.927759004	-0.0135705384838	0.04524829983711243	7.499999810534064e-06	36.27702713012695	0.1032399982213974	21.448012705671392	20.45953599657555	19.95950027865822	19.640118559761266	19.405685300655453	0.05275488729013947	0.008569919496766228	0.0051161249659072375	0.00500151316149949	0.013144032850019157	-0.12289752357470718
11172	322.412574735	-0.202205669021	0.13632899522781372	9.399999726156238e-06	39.18114471435547	0.10324399918317795	21.961039502266328	21.021640996663578	20.511915858463784	20.170261340816854	20.044870256443165	0.07582861741864824	0.013293947178936871	0.006909230393915369	0.006355614317156964	0.019299553146001992	0.24290083807987628
12860	323.694965369	1.17540944639	0.12167900055646896	1.2900000001536682e-05	38.681400299072266	0.06569290161132812	24.413671244145327	23.245719253900887	22.530628858812673	22.19583214227082	21.813060487160485	0.5908732900553391	0.059248987199992074	0.05277969765906375	0.06313313124025419	0.14102182214814848	0.0119266206593025
12898	26.7930510122115	-0.146864685	0.0835810974240303	7.700000423938036e-06	37.82978439331055	0.06165950000286102	22.351549595065286	21.326606178069206	20.719301011277015	20.251207476581197	20.020221383870137	0.06885283642953308	0.009215566552909657	0.006147865261985136	0.005272283757225348	0.014534364289845779	0.034847275300620595
12950	351.667270497	-0.840619665013	0.08273419737815857	1.049999991664663e-05	37.862308502197266	0.05923530086874962	21.934784912982664	20.955503192620526	20.56594373099548	20.25991006114485	20.13414132954347	0.07474541340889299	0.0073247542100548435	0.005191994559859144	0.004376375464945295	0.014694148760562652	0.09083230634126949
13135	4.174375768	-0.425158384	0.10467089712619781	2.9709899536101148e-05	38.23342514038086	0.07007589936256409	24.554502001925968	25.06690683033544	24.08125477009466	23.64741723501194	23.09503452582623	0.5645907616922413	0.21215425371826252	0.09810498354939637	0.07925358096855695	0.19971545910296037	-0.0831299638646712
13354	27.564739615	-0.886700963241	0.1576254963874817	8.415950105700176e-06	39.24150085449219	0.0842294991016388	24.225666635326206	24.408976725256792	23.648277905849525	23.006658045744373	22.78139529490784	0.6122561564960811	0.13666257725918485	0.0701036017378326	0.05378614136878217	0.18149851474257953	-0.04304041363741362
13736	336.832664208	1.03070919535	0.15020699799060822	2.1600000764010474e-05	39.26826095581055	0.06437580287456512	24.269780970157825	24.08601198530516	23.404110297261496	23.090389105930957	23.41447375047266	0.5433259613352461	0.14019475323722344	0.12397608468517464	0.15122018487523095	0.6084704497893225	0.09913895589143351
13896	2.7129648979	-0.0699597439549	0.15731699764728546	3.840000135824084e-05	39.75661849975586	0.08710669726133347	24.49411954900232	23.846058832211625	23.14261578041161	22.908259926022797	22.855971273151656	0.7320181359767478	0.09027829394273353	0.05582705323619452	0.057574940340563464	0.21320439158419385	0.47677579089959465
14279	18.488256396	0.37142073528	0.04538949951529503	1.0812999789777678e-05	36.16823959350586	0.0992857962846756	22.30010500217826	20.891803331936025	20.068498119210002	19.685263641795892	19.36627994342752	0.09302756943402989	0.008335081947610937	0.004723223208144047	0.004155424839727631	0.011112574275769947	-0.23868687267455613
14284	49.0493571032	-0.600981773263	0.18106649816036224	4.752329914481379e-05	39.274147033691406	0.08153899759054184	22.5900495083888	21.026248087896363	20.12806820877247	19.75766516542511	19.461767817708537	0.1195544354730675	0.007224647219329609	0.004064361125961638	0.00337752703485014	0.008753645697144053	-0.3447112262744767
14377	48.2637649688	-0.471764667521	0.139409601688385	1.5087300198501907e-05	39.118289947509766	0.07710570096969604	24.497126089392903	23.04647931083688	22.183698374624715	21.654624413538038	21.220360604016918	0.5618731901919887	0.0341302041586838	0.018295962223831164	0.012741958519304318	0.035442846277358594	0.12697050733081738
14421	31.829932232	1.25201389797	0.17504100501537323	2.7300000510876998e-05	39.834320068359375	0.07674039900302887	23.13346701972158	21.040187831222323	19.83241946227976	19.35054796080534	18.950057193322863	0.16173503780651705	0.008464533513046149	0.005109648317884612	0.005295512288803657	0.010438984117370832	0.2974065997383377
14437	332.080943683	-1.19630544959	0.14926700294017792	3.819999983534217e-05	39.11294937133789	0.062395598739385605	24.46249662203512	22.76029002132537	21.807199762509583	21.397896318454166	21.067816197421024	0.8562680359163493	0.04339904605648525	0.019699011309957624	0.017911396671309265	0.05640551490845805	-0.04117286801614739
14784	323.798987142	-0.348862360463	0.19232000410556793	2.5699999241624027e-05	39.954315185546875	0.09036389738321304	24.22654624882673	23.504159392044105	22.825684922276213	22.467306164372253	22.86765494229057	0.5205022005520197	0.07079904835193636	0.05186509379606678	0.049151179338863475	0.2734897341119879	0.18891160929565842
14816	336.716189703	0.506397121384	0.10722099989652634	1.6833300833241083e-05	38.10921859741211	0.07318729907274246	23.920118644795775	22.333701474714406	21.418902752762122	20.959837474643027	20.767933044832496	0.3497094712687384	0.029529356608615474	0.01584193851875415	0.014281050213251928	0.039656666517925425	-0.26353723803651263
15129	318.902081454	-0.321710234625	0.19739499688148499	5.3499999921768904e-05	39.827449798583984	0.08232860267162323	24.145738892959187	22.552061624046914	21.537872357372994	21.077452972562334	20.660598271653207	0.7502811566673419	0.035574251840384825	0.016924566407049407	0.01464856573432959	0.039500797449424044	-0.0014801059280671325
15136	351.162220847	-0.717945871471	0.14874300360679626	1.1299999641778413e-05	38.922142028808594	0.06516829878091812	23.84296409509091	22.371288404465588	21.78190536785532	21.43897238529204	21.112704583000767	0.508153386913838	0.03253490339600559	0.019276254722713628	0.01601370874140566	0.052162000320689884	-0.2235805673675486
15234	16.9580436145	0.828586337661	0.13635799288749695	1.650000012887176e-05	39.242462158203125	0.0669919028878212	24.373308469914438	22.946375396594654	22.271628262499622	21.94729353295856	21.739678232277168	0.4757965678497817	0.039392331849409	0.02747656452121667	0.026833374502630146	0.07916640935158743	0.30371350538040787
15301	323.579922234	0.588793787042	0.17983299493789673	3.239999932702631e-05	39.614376068115234	0.07140360027551651	24.238194783208083	23.522407488897855	22.649131336398796	22.25408305658442	22.209703921391718	0.5778535945039852	0.07199903222230816	0.04634532741321431	0.04329593649189203	0.14635925441459186	0.012086604881886842
15365	354.556618168	1.24905981928	0.1879580020904541	1.8599999748403206e-05	39.84742736816406	0.0782397985458374	22.895272495988294	21.411965117625193	20.360546303193374	19.827561574064752	19.454868467438594	0.14467876022183238	0.016586264335148454	0.008577524412254244	0.008449150164847097	0.01862347982490607	0.13786725673815425
15421	33.7413200054	0.602716237483	0.18544499576091766	1.52000002344721e-05	39.76759338378906	0.0699881985783577	23.430559025486183	22.672011681684022	22.09842723090292	21.81163199110721	21.70807818178048	0.18058026559345136	0.0313318453667375	0.021380079374517958	0.021714724095162587	0.07199310584803906	0.09074834362210282
15425	55.5610761212	0.478357705445	0.15989230573177338	3.467610076768324e-05	39.08114242553711	0.07699380069971085	23.225116430668923	21.36481481848318	20.383289475757756	19.973708272577486	19.71659167681147	0.1572626500662017	0.010699704321817773	0.006179886198780101	0.00606786443465632	0.013492241594130509	-0.2376647894303474
15443	49.8674396937	-0.318010567152	0.18190829455852509	1.5225999959511682e-05	39.6746711730957	0.08707209676504135	23.064434016446654	22.213831329041355	21.392491945898186	20.96346264063111	20.65895113676624	0.13985328325300408	0.020467253170101937	0.011234728156484318	0.010014917902083349	0.030223955290614123	0.044565152537217045
15459	340.701448831	-0.901774718132	0.126787006855011	1.5899999198154546e-05	39.26349639892578	0.06577789783477783	23.491416742857254	22.54611751241578	22.065668533314224	21.934607258363144	21.765668039595308	0.47490712648754696	0.03422564990286403	0.02286920822649115	0.02472749995129771	0.09125596836519105	0.4970408140831637
15461	326.848227059	-0.49474951917	0.18616899847984314	2.990000029967632e-05	39.635101318359375	0.06735020130872726	24.167465342389434	24.468894614649027	24.10643314245807	23.549581425835655	24.080869961937253	0.7771132231830287	0.18773959366300655	0.14679563150557368	0.09953237039998493	0.6731667066826627	-0.05121058170757209
15648	313.718799031	-0.195816658847	0.17501740157604218	4.1384799260413274e-05	39.34339141845703	0.12542399764060974	24.574725612290536	25.29739960568407	24.24309787669387	23.49589709118789	23.27157849718197	0.6621131434824333	0.3215131912387709	0.14785728675138482	0.09615237926355591	0.3215215453888563	-0.19319597493188212
15866	338.780817599	0.968089281773	0.19003500044345856	2.719999974942766e-05	39.64947509765625	0.09626410156488419	24.911876342776985	23.8679725605193	22.555203224053514	21.97293559317687	21.55214142321929	0.9881357434873378	0.11953639380540959	0.05571830827663424	0.05592461569932128	0.12951897438561835	-0.08682206824894223
16021	13.843850377	-0.389217575695	0.12459699809551239	2.209999911428895e-05	38.65186309814453	0.05857979878783226	24.594509462357905	22.851415440317055	22.12456058564377	21.880889869206023	21.618182363103923	0.6658495966620946	0.03893275618127743	0.023763043421231325	0.025139983439354384	0.07697046762093389	-0.07346752607710272
16069	341.245051863	-1.00638340204	0.12825000286102295	3.7999998312443495e-05	38.777381896972656	0.06532400101423264	24.732835094615886	23.441179288235077	22.722570198130047	22.43387867585374	22.139260270226643	1.4588703526465823	0.07591615533924798	0.04287153100600051	0.04535389380850233	0.1447576777145914	-0.016178815032766636
16073	8.10767400848	-1.05390438816	0.15471599996089935	1.4299999747890979e-05	39.452056884765625	0.06176700070500374	23.754000561139716	22.56913528836254	21.876334679938875	21.526468619690966	21.3732559588028	0.26611925857882823	0.021466155195922397	0.013519090904338315	0.013088360270817582	0.046490694660326154	0.21217076303613425
16116	355.302194458	-1.1059673808	0.15649199485778809	1.8900000213761814e-05	39.438785552978516	0.06838440150022507	24.757904393409937	24.06964250748025	23.71393882489575	23.363618238355983	22.954979816138902	0.9783110051247227	0.11644311365970399	0.0847368171935915	0.09022408242102331	0.26643275376392955	0.1715499574817798
16163	31.4991765346	-0.855823688672	0.15504099428653717	9.999999747378752e-06	39.23527145385742	0.11280699819326401	22.808863884758495	21.6017165303137	20.65621145273683	20.215253888741834	19.945760222409483	0.17708786707182375	0.012290193932487868	0.005767973587777563	0.005264617460277833	0.01593759485265863	-0.009641065465999077
16185	16.8681005404	-0.269343622389	0.10136599838733673	5.959999907645397e-05	38.09153747558594	0.07797639816999435	23.79954905334545	22.230966357141206	21.459534679488787	21.10275124021779	20.751080925067356	0.24743304575162475	0.0214976702107204	0.014244051614129045	0.013350839871436468	0.03256611399640308	-0.15023477526217732
16206	5.78831913098	-0.0535803311223	0.15972900390625	2.7599999157246202e-05	38.980995178222656	0.08508069813251495	24.06495632469342	21.920488253095137	20.890444462916644	20.439182086938462	20.099184362073935	0.4171825412532401	0.019919191353443718	0.008718482094493047	0.007926815295984858	0.019604844445602433	-0.3353585627807263
17168	339.723619133	-1.16723286854	0.18519200384616852	1.3699999726668466e-05	39.75627517700195	0.08815660327672958	23.156758836768976	22.362032285278836	21.861453331671356	21.636790466992014	21.426663587841613	0.45482655839262637	0.03044169422023763	0.019695367678848906	0.02188755612377724	0.07826469014417589	0.08274620013679623
17186	31.6116676002	-0.900068918229	0.07881610095500946	3.270000161137432e-05	38.01530456542969	0.07261619716882706	24.34857688092101	22.5498679002718	22.102566527585434	21.76399685781258	21.61539859254163	0.5317087822576088	0.0331857086806118	0.020798193532704432	0.02192118399987051	0.0834061466891381	0.3554253838951382
17206	45.9858992991	0.728174798529	0.1564657986164093	2.3136899471865036e-05	39.20957565307617	0.13397200405597687	24.829093297156454	23.84296409509091	22.88669972184296	22.408298048078613	22.041683243758342	0.7740660471569724	0.06696746743010057	0.03635060183763553	0.03465232483421922	0.08979183491860297	-0.05725862374281121
17218	356.171811008	-0.030105024895	0.17839300632476807	1.4299999747890979e-05	39.47339630126953	0.08989740163087845	22.462096009963076	21.65985290872402	20.98844008244649	20.640456185060593	20.432036121497905	0.10533951263185258	0.015406089185909943	0.009051517435971265	0.00838708295280125	0.02321490081104405	-0.10941797222211136
17695	41.9898938476	0.589275108167	0.18290600180625916	1.630000042496249e-05	39.346134185791016	0.09297160059213638	24.857827056280332	23.549581425835655	23.080136563224706	22.80450110327091	22.377414247457015	0.7337047993980402	0.06327302661762076	0.051837781204617454	0.057671077299766484	0.14978619031447943	-0.2972409857959448
18375	11.5163981332	-0.0106771298027	0.1105090007185936	1.720000000204891e-05	38.18927764892578	0.05809880048036575	22.496715768634978	21.337825722013516	20.540559789378094	20.156704669738282	19.917404543135437	0.10132941680320928	0.011431500172854716	0.006164148004358569	0.005451135001935501	0.014027556581127237	-0.25411632435260856
18602	338.983657649	0.60908083857	0.13833999633789062	2.2300000637187622e-05	39.09309768676758	0.06560560315847397	24.004014302150935	23.69130907270656	23.106474380944483	22.67939408354358	22.46933910690369	0.6486697321043122	0.09836125023303846	0.06549963719604893	0.06021285579993915	0.17999674912616703	0.12008173241768105
18604	340.920816346	0.421305232523	0.17626099288463593	2.3099999452824704e-05	39.59988784790039	0.07574830204248428	25.515275044981323	24.075624540269978	22.685407298288894	22.13476534802547	21.783140738439183	1.2996151826763975	0.0852814073139041	0.030447434111871226	0.02464960811117217	0.0702862387284009	0.04617546654316129
18612	12.2880200749	0.596611969687	0.11489199846982956	1.9600000086938962e-05	38.36855697631836	0.061298198997974396	22.855141516745388	21.750269409280442	20.906175089398392	20.525900662040655	20.271751101058435	0.11956369283108051	0.016893893452470134	0.010016880975370053	0.009163477669125385	0.023650383972057168	-0.1659942040290332
18650	328.447231853	0.0150344471961	0.11371300369501114	2.680000034160912e-05	38.73060989379883	0.060975901782512665	23.629498981344913	22.735865093286534	22.151555417743886	21.991121311115617	21.75402342797351	0.3545779187791553	0.03682659659602266	0.027419991265020496	0.027957426575467865	0.09517114114026996	0.2202544809350684
18697	11.224210199	-0.996851125168	0.10762300342321396	1.049999991664663e-05	38.35894012451172	0.06142989918589592	23.305578139097424	22.105681389255444	21.389262187825622	20.962736638461124	20.671643496153273	0.2687652374994097	0.023748529895303273	0.012588090057146234	0.011452484833611819	0.03581375252095834	-0.022560493994085107
18749	12.5465860314	0.675718424323	0.19063800573349	3.300000025774352e-05	39.55697250366211	0.08484899997711182	25.359713044361406	24.22215529027486	23.036631295884508	22.616688625267336	22.24885058281981	1.0807385697534893	0.11524900653224326	0.04893900798331903	0.045946518324631064	0.1077669108831168	-0.18703683590617715
18804	25.266027448	-0.448289003	0.1984259933233261	6.049999865354039e-05	39.716739654541016	0.06642220169305801	24.20764570370077	24.05576951323907	23.251678304012145	23.157854433435862	22.603451811456452	0.5056103287258089	0.09747063943454215	0.04979328450329936	0.054336136971085795	0.1384716577410398	-0.12491239465285986
18835	53.6853872511	0.355504129848	0.12318579852581024	3.4725300793070346e-05	38.69990539550781	0.07363829761743546	23.673538852711214	22.415743125512453	21.389262187825622	20.915863048429028	20.581668286316408	0.20516184128871148	0.019263240207762735	0.009526528956996579	0.008104791387631108	0.023942399319983976	0.0014339200311468403
19155	31.264779623	0.175134025	0.07760269939899445	1.4299999747890979e-05	37.800479888916016	0.06797540187835693	23.390444462916644	22.530321328374487	21.934962596675845	21.57805219504902	21.384970734788936	0.18170294458616348	0.024116196697587113	0.015999948915944674	0.014825262268080492	0.0520382441333778	0.1762324470401282
19353	43.1132643414	0.251742827414	0.15405599772930145	1.4399999599845614e-05	39.289947509765625	0.0668535977602005	24.88384349617561	23.28566723236404	22.45576181100968	22.020136685441415	21.69717481959332	0.716032414174812	0.03945273125637293	0.02141903179191011	0.01858571269253162	0.06349401313126689	0.060299195501990255
19772	12.6662879019	-1.04201105564	0.17514899373054504	2.1699999706470408e-05	39.042930603027344	0.081427201628685	23.404110297261496	21.394650467890962	20.258012252228234	19.784791817335112	19.465965139132166	0.27415011072645107	0.012909997658566812	0.005388861847577024	0.004936948227192489	0.013506792429350456	-0.49547418465162707
19775	318.956164723	0.651219256748	0.13809199631214142	2.5600000299164094e-05	38.92056655883789	0.06720130145549774	23.343924780584114	21.81592313005005	20.74334476152799	20.188960103176214	19.766069667674007	0.2298325950515561	0.020893017023213056	0.01015172246065493	0.007800503968632644	0.01665727614315869	-0.04818674557517255
19953	332.930317713	0.579332407598	0.12322799861431122	1.8400000044493936e-05	38.78511428833008	0.06735579669475555	24.005568684957236	23.16942544389104	22.583894341108536	22.334214703844623	22.736608493661183	0.5119974895481635	0.05888457069683121	0.04286735922981368	0.04879396040768803	0.2595727549800172	0.085835466347433
19968	24.3491062794	-0.311724664812	0.05593879893422127	1.5600000551785342e-05	36.6932487487793	0.09478840231895447	23.64483930850264	22.26029957683169	21.301530324341886	20.946886193383577	20.678883620782777	0.23714538606693375	0.027742861945785246	0.012384333513633824	0.011107696482143445	0.031163925959526953	-0.18498336189917097
19969	31.9098306358	-0.324044928573	0.17531700432300568	9.999999747378752e-06	39.42393112182617	0.06468100100755692	23.524710217660836	22.87438821165177	22.288722977836212	21.927348334562158	21.64969422048387	0.2969062063117773	0.03668792128908594	0.021946098394068202	0.021615908513387107	0.0711344410013947	-0.1167922013196332
20048	339.308118076	0.736299346268	0.18531599640846252	3.590000051190145e-05	39.64802551269531	0.1015319973230362	23.76257596845938	22.039920207585144	20.68673505317252	20.15532376499918	19.786755618376496	0.29195303056579835	0.02190262868441224	0.008735420372133837	0.007476296014333863	0.015474013617485178	-0.027129202795933338
20064	358.586263268	-0.917233632305	0.1048400029540062	1.809999957913533e-05	38.173824310302734	0.06533300131559372	23.301816924464998	21.705485893549998	20.724533485041622	20.24894866258043	19.87448018394626	0.260764424508768	0.017692839584691297	0.007920104682052056	0.006893503509946834	0.018963091368187253	-0.14649728720951316
20084	347.97523767	-0.577938676543	0.13972899317741394	7.999999979801942e-06	39.09730911254883	0.06909909844398499	23.108567367047577	22.71963775555132	22.103396283991703	21.60433434039384	21.42710874414336	0.3008950552983818	0.04173092627863343	0.02475694365971805	0.01770464227674391	0.06343664784618187	0.10054942740908501
20125	25.6597785971	1.03034942218	0.1662359982728958	2.9200000426499173e-05	39.20612335205078	0.07658100128173828	22.72220320938065	20.90479812509873	19.718435815182225	19.291205092418142	18.932241203132488	0.14302804076198677	0.00865561562475112	0.005576337456226941	0.005541535324643642	0.011955624257173881	-0.20624507243271495
20528	43.1213215344	-1.13943974039	0.13569100201129913	2.4700000722077675e-05	38.7773323059082	0.06028969958424568	23.960223016074455	22.62773180715715	21.60250121081383	21.052730771639922	20.836146338683555	0.411067232369054	0.03089370210874665	0.015385296744132549	0.014381865195924678	0.04195036674541375	-0.14978036184069765
20545	330.2504723	-0.423998743	0.1894569993019104	2.8599999495781958e-05	39.449764251708984	0.08529970049858093	23.456224372457577	22.19945352967571	21.33373246097399	20.886378030430002	20.62333234142383	0.20892305973286002	0.019245802134457635	0.00982780222218506	0.008510007137605776	0.026599209710700383	-0.2791194073610015
20575	325.2657212	0.142452190346	0.19870400428771973	2.4599999960628338e-05	39.46132278442383	0.07921359688043594	23.80749592289279	21.398980428583933	20.120023198541915	19.61487020982759	19.24190721315603	0.48593923434261926	0.014458405204221645	0.006175103791441962	0.005182256445735634	0.013633062497065702	-0.38374944682048096
20625	5.68315764842	-0.479387905386	0.10812799632549286	1.630000042496249e-05	38.4563102722168	0.061651699244976044	23.191812550523355	22.025145413508724	21.25875631208448	20.84457550652793	20.564937021415002	0.3109050861333435	0.027592335703349936	0.011105203499062516	0.008637721485096152	0.027405028300822667	0.06386791725893914
20764	26.1208245996	0.229791942223	0.16590100526809692	2.069999936793465e-05	39.22861099243164	0.08639080077409744	23.093483843051672	21.361666233759195	20.38286394715942	19.916019851958392	19.604226675010963	0.14416221443767555	0.009397487015507864	0.005020253611342448	0.004425419809860436	0.011729606129445132	-0.17889984842365436
21034	28.1423571745	1.24413377774	0.10854700207710266	8.199999683711212e-06	38.48472595214844	0.06437460333108902	24.11182991472551	23.122271015625966	22.676575817964405	22.427426794651375	21.983661740688405	0.35469845872506706	0.04285661228356466	0.04513932439094881	0.05588101332062706	0.1344253674942751	0.08324132110662674
21487	340.281353936	-0.211459123249	0.1891160011291504	1.739999970595818e-05	39.42863845825195	0.07900179922580719	23.549581425835655	22.36863573711929	21.516512123079643	21.068616003132888	20.7943333598249	0.2230437083923833	0.020273434452926325	0.011395214225158238	0.009873238590062871	0.02828383209990983	-0.2958617715115892
21502	353.600403361	-0.890216710479	0.08916319906711578	2.344799941056408e-05	37.859092712402344	0.08876589685678482	23.96298073466088	22.595586498184424	21.747724070531994	21.369027185376147	21.0912531699254	0.6051682141599831	0.03598439992912658	0.01745253651450051	0.016344075618759404	0.05626384681842918	-0.08506507302213606
22075	29.9637020504	1.21659645222	0.13002799451351166	1.779999911377672e-05	38.61122512817383	0.08322860300540924	23.733319246224745	23.237431151022193	22.240577816733712	21.845463304281093	21.548649906057005	0.25523181279948826	0.04906749170878673	0.030328090039654535	0.03397118856183688	0.08237950311758448	-0.21489122215164258