cid	redshift	err_redshift	mu	err_mu	u	g	r	i	z	err_u	err_g	err_r	err_i	err_z
10028	0.06539160013198853	9.499999578110874e-06	37.020198822021484	0.09020110219717026	21.223124465173644	19.45378309293492	18.64055631989234	18.274015616509995	17.984475312986497	0.04122476719680612	0.003413605253261197	0.001933807319025897	0.001704239862974277	0.003942567913921623
1032	0.1297551989555359	3.396579995751381e-05	38.6609992980957	0.12440700083971024	24.920457094220268	24.74364320494908	23.73052934437763	23.32075466396094	22.86597812928584	0.6110913525116782	0.16137279737531657	0.09854286683048548	0.11723403829675755	0.2658210630939464
10324	0.2517249882221222	3.149999974993989e-05	40.097198486328125	0.1513890027999878	24.617600038296274	23.986003204509124	23.12758804978182	22.81164935575058	22.45089238839543	0.6015281335811403	0.10784501732942262	0.061509061379031976	0.0670965052775299	0.17767891510874684
10550	0.3008129894733429	1.5600000551785342e-05	41.063899993896484	0.22329500317573547	24.420838999731934	25.576570923879625	25.032475872932206	24.365446236710095	23.966206950951005	0.7103766767803594	0.45280539424666905	0.31117865119344806	0.22751457161419203	0.6840518888092456
10559	0.28109198808670044	3.4100001357728615e-05	40.744300842285156	0.17746900022029877	24.99611970152983	23.593706812110344	22.488992304787274	22.060868807517473	21.76917066311266	1.4572820465071379	0.07573951654609877	0.034484260592781375	0.032406461983591296	0.10410437759868268
10805	0.04524829983711243	7.499999810534064e-06	36.2755012512207	0.1032399982213974	21.448012705671392	20.45953599657555	19.95950027865822	19.640118559761266	19.405685300655453	0.05275488729013947	0.008569919496766228	0.0051161249659072375	0.00500151316149949	0.013144032850019157
11172	0.13632899522781372	9.399999726156238e-06	39.17470169067383	0.10324399918317795	21.961039502266328	21.021640996663578	20.511915858463784	20.170261340816854	20.044870256443165	0.07582861741864824	0.013293947178936871	0.006909230393915369	0.006355614317156964	0.019299553146001992
1119	0.2978050112724304	1.160000010713702e-05	41.095699310302734	0.21870200335979462	24.97985479399375	25.893163903799234	25.98177228541179	24.356648081563247	23.955185319278577	0.7264658304342716	0.5561419932836311	1.062839726970713	0.3784452828828016	0.9482058112253795
11311	0.20453210175037384	1.512180006102426e-05	39.61669921875	0.17032399773597717	23.312507723544172	22.24128444624434	21.256851511236693	20.797445245603118	20.511915858463784	0.17790147941758638	0.022308486082139693	0.011808927520638376	0.011038110325066859	0.0279244068902488
11540	0.21653799712657928	6.690000009257346e-05	39.930301666259766	0.1241070032119751	24.01893213122465	22.512329500836433	21.20030445311543	20.704897295060576	20.41788375877703	0.34257078958562864	0.03060626850181691	0.010965755013114552	0.009850036944590095	0.02604712352005743
11996	0.2867029905319214	2.4499999199179e-05	40.94260025024414	0.22197599709033966	23.910977635788356	22.16728783362688	20.87426932271665	20.339495445542283	19.97487635897822	0.46083470024178386	0.017308391474190006	0.007378724792656911	0.006511964511218751	0.015821478871811817
12199	0.3104040026664734	1.650000012887176e-05	41.08369827270508	0.22626399993896484	24.23228117270229	23.715769746416925	22.537416660547223	22.106929840375855	21.9301753140724	0.6294144294014741	0.09217304826891799	0.03797600693381485	0.03412313786382693	0.13151968300752706
12860	0.12167900055646896	1.2900000001536682e-05	38.67599868774414	0.06569290161132812	24.413671244145327	23.245719253900887	22.530628858812673	22.19583214227082	21.813060487160485	0.5908732900553391	0.059248987199992074	0.05277969765906375	0.06313313124025419	0.14102182214814848
12881	0.23810899257659912	3.3299998904112726e-05	40.23979949951172	0.1289149969816208	24.380551791605672	23.929671940890348	23.141535445790375	22.737352403388652	22.342718199253504	0.488446082153019	0.0837258707276231	0.04919016688986234	0.04416617118053117	0.11364401113896744
12898	0.0835810974240303	7.700000423938036e-06	37.82659912109375	0.06165950000286102	22.351549595065286	21.326606178069206	20.719301011277015	20.251207476581197	20.020221383870137	0.06885283642953308	0.009215566552909657	0.006147865261985136	0.005272283757225348	0.014534364289845779
12950	0.08273419737815857	1.049999991664663e-05	37.85919952392578	0.05923530086874962	21.934784912982664	20.955503192620526	20.56594373099548	20.25991006114485	20.13414132954347	0.07474541340889299	0.0073247542100548435	0.005191994559859144	0.004376375464945295	0.014694148760562652
12977	0.24780400097370148	1.5400000847876072e-05	40.23860168457031	0.10541699826717377	24.318953019346953	23.28875434335702	22.660511238817467	22.398722386371055	22.102981326522574	0.44617546052275536	0.056481778077821815	0.03639920226679552	0.0405857236600505	0.12274171042326809
13025	0.22435800731182098	1.5100000382517464e-05	40.2692985534668	0.08534400165081024	24.561267975244302	23.478821913474647	22.78023345830178	22.365989534969128	21.930352244929917	0.4766938880239774	0.053587048097797775	0.035579633490683514	0.03269366322506831	0.08723402036273757
13099	0.2660253942012787	1.7705799109535292e-05	40.52750015258789	0.21016399562358856	23.076062501390933	22.44746825035181	21.556521668589387	21.181499479691517	20.883000932202606	0.24896703796373215	0.027894104384116623	0.015311664426076186	0.015633536030899967	0.04616064796005835
13135	0.10467089712619781	2.9709899536101148e-05	38.22909927368164	0.07007589936256409	24.554502001925968	25.06690683033544	24.08125477009466	23.64741723501194	23.09503452582623	0.5645907616922413	0.21215425371826252	0.09810498354939637	0.07925358096855695	0.19971545910296037
13152	0.20354799926280975	1.4299999747890979e-05	39.64179992675781	0.0675669014453888	23.944161368199364	23.044996402063553	22.51687550693948	22.2801419763748	22.17679347447318	0.3605928720030905	0.0391517068194401	0.032465790290529796	0.03406662180921256	0.12498178111622722
13174	0.23613299429416656	1.8000000636675395e-05	40.11259841918945	0.09505999833345413	23.06142087055877	21.559284038126748	20.41481236718212	19.918791002530533	19.567072459515806	0.15365800144937222	0.015287809460234895	0.007141848320241126	0.006487225266354477	0.014991588631318348
13305	0.2148119956254959	1.1099999937869143e-05	40.05329895019531	0.08082140237092972	24.303415057309877	23.638847844001244	23.16390005687825	22.90347981093625	23.044008920226716	0.3809600718449577	0.07973161862142836	0.06442769661737327	0.06759835236493307	0.2543583817874272
13354	0.1576254963874817	8.415950105700176e-06	39.233299255371094	0.0842294991016388	24.225666635326206	24.408976725256792	23.648277905849525	23.006658045744373	22.78139529490784	0.6122561564960811	0.13666257725918485	0.0701036017378326	0.05378614136878217	0.18149851474257953
13529	0.3024440109729767	2.5299999833805487e-05	40.33190155029297	0.1498440057039261	24.09299257311561	23.660399488585874	22.954525247907537	22.766005438303605	22.40063077441626	0.42692828309409486	0.05499205989777341	0.039798208225479026	0.04072465848952027	0.11826038480577365
1354	0.24943600594997406	1.0099999599333387e-05	40.27519989013672	0.24481600522994995	23.824578658890353	22.588426341387787	21.842685020913528	21.50580801841015	21.31349448071893	0.352864266546392	0.028896737711339764	0.017562419668065953	0.01742539587883418	0.061585203193251975
13545	0.21401800215244293	3.511970135150477e-05	39.875999450683594	0.20158299803733826	23.483250483332103	21.944421688123978	20.723950852237323	20.09134979142416	19.687055286104695	0.1652271581355355	0.015008864524417728	0.007508122145564532	0.006310150500990926	0.01272893457229855
13689	0.25176799297332764	1.1899999663000926e-05	40.61130142211914	0.0934280976653099	25.146732675668314	26.324578658890353	25.198970254337688	24.92938635517641	23.306206276925042	0.9368411073212487	0.9277372794388494	0.40261670047431797	0.4186038425570698	0.3561315282736735
1371	0.11934299767017365	2.6199999410891905e-05	38.480899810791016	0.06189880147576332	23.228620692575124	21.51796348059298	20.423610925906143	19.999402127625444	19.617179617688983	0.16215844609857405	0.0164839227609026	0.0076637604363521345	0.006428347306453996	0.015407534101978025
13736	0.15020699799060822	2.1600000764010474e-05	39.26070022583008	0.06437580287456512	24.269780970157825	24.08601198530516	23.404110297261496	23.090389105930957	23.41447375047266	0.5433259613352461	0.14019475323722344	0.12397608468517464	0.15122018487523095	0.6084704497893225
13802	0.31356269121170044	3.0032300855964422e-05	40.64680099487305	0.29248398542404175	22.377147186527182	21.971280647333064	21.068616003132888	20.664451331936938	20.31804310969931	0.07046871235505911	0.020395450791699504	0.01181748249394073	0.01095661675395837	0.026327800402569778
13820	0.13572099804878235	5.980000059935264e-05	40.29909896850586	0.1337369978427887	24.504489601137855	24.8296043520987	24.111434118061034	23.59780857824591	24.069515587589436	0.6693257741075678	0.25839908262958305	0.1534092098327912	0.1309294302936942	0.795106642058408
13864	0.3008500039577484	4.830000034417026e-05	40.82279968261719	0.11096999794244766	25.26181119313954	24.381058947490995	23.191247210127997	22.69968880909903	22.284301421570333	0.9898352150634051	0.13123187486571938	0.05708451675198912	0.049956084892876534	0.14130014640383515
13896	0.15731699764728546	3.840000135824084e-05	39.74850082397461	0.08710669726133347	24.49411954900232	23.846058832211625	23.14261578041161	22.908259926022797	22.855971273151656	0.7320181359767478	0.09027829394273353	0.05582705323619452	0.057574940340563464	0.21320439158419385
13908	0.23977400362491608	3.930000093532726e-05	40.346500396728516	0.10785800218582153	23.465643564440608	21.893815452871248	20.51864465683396	19.973416447228395	19.608805212849187	0.263502064170857	0.01476163248448336	0.006127756288843616	0.004916596358552669	0.012855316876928754
14074	0.2619200050830841	1.3300000318849925e-05	40.66279983520508	0.13767099380493164	23.520875045164612	23.60771650590534	23.25407111204346	23.040559789378094	22.740333149817463	0.4105583589501474	0.09289721538037472	0.07497748088015324	0.06715133300837549	0.22106484581415525
14113	0.2423190027475357	3.389999983482994e-05	39.67829895019531	0.10983099788427353	23.523174522631457	22.71161413942383	21.84792064868298	21.465745475562162	21.124433328898725	0.3383813896101308	0.029123747259492662	0.017614511841544275	0.014014336436642169	0.04214913862381442
1415	0.21186399459838867	3.51999988197349e-05	39.772300720214844	0.10876800119876862	24.314490865153036	21.925761387329924	20.50808947140294	19.944338915484746	19.54148720941552	0.4594539176133347	0.022218652291463827	0.007930553368967691	0.007158700251152502	0.014109278212401185
14212	0.20449000597000122	4.709999848273583e-05	39.90950012207031	0.07047340273857117	24.377513821073048	25.227352374474428	24.77745903706679	24.355161110952245	23.612704583000767	0.5787671727940727	0.2839135658010986	0.30596470118380314	0.33037684697704034	0.5804480738561113
14261	0.285847008228302	2.2300000637187622e-05	40.54890060424805	0.11066299676895142	24.043185821207697	23.322029002375725	22.672362088724263	22.29687622920245	22.050541624728833	0.493133580278621	0.0512011007657812	0.03693886248596089	0.03189257102144711	0.09637811276899035
14279	0.04538949951529503	1.0812999789777678e-05	36.16669845581055	0.0992857962846756	22.30010500217826	20.891803331936025	20.068498119210002	19.685263641795892	19.36627994342752	0.09302756943402989	0.008335081947610937	0.004723223208144047	0.004155424839727631	0.011112574275769947
14284	0.18106649816036224	4.752329914481379e-05	39.26380157470703	0.08153899759054184	22.5900495083888	21.026248087896363	20.12806820877247	19.75766516542511	19.461767817708537	0.1195544354730675	0.007224647219329609	0.004064361125961638	0.00337752703485014	0.008753645697144053
14331	0.22115899622440338	1.5499999790336005e-05	40.464599609375	0.09269999712705612	25.26830005600466	24.388013925479328	23.853314375616623	23.96493836530004	23.65865952634689	1.2928530195586048	0.1328750515164808	0.09381634389964641	0.13416103421852046	0.4052603832331785
14340	0.2774411141872406	6.841419963166118e-05	40.47019958496094	0.18383799493312836	24.095329444959475	22.461230076482572	21.03863010325819	20.462736737336762	20.0548886546743	0.6616570527200906	0.0328346479142905	0.011036372317899841	0.008636433918911144	0.022664586012419122
14375	0.3232640027999878	0.00014010000450070947	40.570499420166016	0.10344400256872177	25.100495637842933	23.191812550523355	21.954325644560146	21.466784071149977	21.24455110023295	1.3432295342853593	0.04346903232279031	0.01543402415694162	0.011194489835532563	0.03809485175966782
14377	0.139409601688385	1.5087300198501907e-05	39.11159896850586	0.07710570096969604	24.497126089392903	23.04647931083688	22.183698374624715	21.654624413538038	21.220360604016918	0.5618731901919887	0.0341302041586838	0.018295962223831164	0.012741958519304318	0.035442846277358594
14403	0.2898159921169281	7.049999840091914e-05	40.94160079956055	0.13194100558757782	25.232896571396957	23.386378030430002	22.444907215002956	21.961039502266328	21.7977626217853	1.2606397845007362	0.06053063900421024	0.03231628441910977	0.028740611354787702	0.08365790863721229
14421	0.17504100501537323	2.7300000510876998e-05	39.824501037597656	0.07674039900302887	23.13346701972158	21.040187831222323	19.83241946227976	19.35054796080534	18.950057193322863	0.16173503780651705	0.008464533513046149	0.005109648317884612	0.005295512288803657	0.010438984117370832
14437	0.14926700294017792	3.819999983534217e-05	39.105499267578125	0.062395598739385605	24.46249662203512	22.76029002132537	21.807199762509583	21.397896318454166	21.067816197421024	0.8562680359163493	0.04339904605648525	0.019699011309957624	0.017911396671309265	0.05640551490845805
14445	0.23698000609874725	3.229999856557697e-05	40.082401275634766	0.14566799998283386	24.735644245483783	22.860129593840814	21.384970734788936	20.79931666727545	20.471010804342175	1.403581259518929	0.04891229103553507	0.014251626119655525	0.009739784240498458	0.03598202687931956
14480	0.3307960033416748	0.0001145999995060265	41.069801330566406	0.22189800441265106	25.21634819712081	23.671777723039177	22.132631431841787	21.640171350974306	21.128653062950143	1.421493283204341	0.07787561708520424	0.030378442799535332	0.028335331092240602	0.0708688094398589
14481	0.2435380071401596	2.2500000341096893e-05	40.56050109863281	0.12230399996042252	23.898980428583933	25.558916287660907	23.93605041465114	23.575840891783976	22.76333449918354	0.3897153030665294	0.4167325737064728	0.1205375939539209	0.12073579903059614	0.26775649612603075
14524	0.2721729874610901	1.3900000340072438e-05	40.56340026855469	0.1221110001206398	23.562233993840294	22.630088810233	21.62457219736723	21.185056358236277	20.796822154507247	0.29151818244971023	0.02797093768110201	0.014379462524895541	0.011783666931050084	0.031158075135973396
14593	0.3072054088115692	0.00012215699825901538	40.27360153198242	0.19341999292373657	25.183989425146148	23.72404731793193	22.054303639596966	21.315501387398953	20.749887152319545	1.2547072225948759	0.06878175786945633	0.021361671401616832	0.01365958592480163	0.03184428495054338
14784	0.19232000410556793	2.5699999241624027e-05	39.94269943237305	0.09036389738321304	24.22654624882673	23.504159392044105	22.825684922276213	22.467306164372253	22.86765494229057	0.5205022005520197	0.07079904835193636	0.05186509379606678	0.049151179338863475	0.2734897341119879
14816	0.10722099989652634	1.6833300833241083e-05	38.104698181152344	0.07318729907274246	23.920118644795775	22.333701474714406	21.418902752762122	20.959837474643027	20.767933044832496	0.3497094712687384	0.029529356608615474	0.01584193851875415	0.014281050213251928	0.039656666517925425
14965	0.28099900484085083	2.1500000002561137e-05	40.43239974975586	0.11964599788188934	23.24929075779493	22.952708875748637	22.221670613673503	21.99505819884444	21.653526878741765	0.18262548024020597	0.04537134161128833	0.04188368564817166	0.060231032843094987	0.11850129175953214
1504	0.3173690140247345	0.00011939999967580661	41.032501220703125	0.13585500419139862	24.711765663934	23.83271155238466	22.441785242324535	21.864946319793233	21.542319064768517	0.39760645808882716	0.04946018218479937	0.01835917289068954	0.015220632141583966	0.04132778371736655
15057	0.24684299528598785	1.7300000763498247e-05	40.39440155029297	0.1537960022687912	23.686839176707068	23.007134977974644	22.462096009963076	22.310351409079047	22.33704180882753	0.2446251991328505	0.03569190810193464	0.027186719063291995	0.030407644402453627	0.12833767369350063
15129	0.19739499688148499	5.3499999921768904e-05	39.81529998779297	0.08232860267162323	24.145738892959187	22.552061624046914	21.537872357372994	21.077452972562334	20.660598271653207	0.7502811566673419	0.035574251840384825	0.016924566407049407	0.01464856573432959	0.039500797449424044
15136	0.14874300360679626	1.1299999641778413e-05	38.91469955444336	0.06516829878091812	23.84296409509091	22.371288404465588	21.78190536785532	21.43897238529204	21.112704583000767	0.508153386913838	0.03253490339600559	0.019276254722713628	0.01601370874140566	0.052162000320689884
15137	0.278903990983963	3.260000084992498e-05	40.72420120239258	0.12518000602722168	23.530874811679485	23.16004894899805	22.06146761415353	21.494852920988833	21.19130907270656	0.6940211284649652	0.0497725200997619	0.021323395856595852	0.015544368186847075	0.047424814092322916
15201	0.20881199836730957	3.719999949680641e-05	40.157798767089844	0.10637400299310684	24.907473959838097	24.74293503912024	23.189552953027746	22.615690247077673	22.167067759397938	0.5601673894048013	0.19350221427986658	0.03992507093900086	0.0324722942121595	0.07913067272619037
15203	0.20443899929523468	7.059999916236848e-05	39.97600173950195	0.07943969964981079	23.98471129043465	22.475168577040744	21.41923422466357	20.98029609727853	20.70089826216109	0.3684460482957587	0.027711845742978695	0.013968148222028253	0.013048011862888119	0.035765427921444264
15219	0.247420996427536	2.1300000298651867e-05	40.45220184326172	0.08848749846220016	24.806841753086797	23.824578658890353	22.88669972184296	22.48869634289236	22.261019163429175	0.65249291973362	0.06667352085748848	0.03669643208767646	0.03317280691016252	0.1181472944139012
15234	0.13635799288749695	1.650000012887176e-05	39.236000061035156	0.0669919028878212	24.373308469914438	22.946375396594654	22.271628262499622	21.94729353295856	21.739678232277168	0.4757965678497817	0.039392331849409	0.02747656452121667	0.026833374502630146	0.07916640935158743
15268	0.29856300354003906	1.630000042496249e-05	40.79750061035156	0.11973799765110016	23.86376427538742	23.68416604559536	22.987282043213288	22.577452695367807	22.316647009489714	0.30808027318765485	0.07668679406885903	0.05241323611407881	0.04444421494780394	0.1477449825037231
15272	0.2804589867591858	2.5699999241624027e-05	40.33509826660156	0.12303300201892853	24.504110767845543	24.35120578342756	23.71393882489575	23.8743157306827	23.265509525512048	0.6209888392468004	0.1326243224660612	0.08836813373351549	0.13985215371835671	0.3413956483300228
15301	0.17983299493789673	3.239999932702631e-05	39.60409927368164	0.07140360027551651	24.238194783208083	23.522407488897855	22.649131336398796	22.25408305658442	22.209703921391718	0.5778535945039852	0.07199903222230816	0.04634532741321431	0.04329593649189203	0.14635925441459186
15303	0.2343509942293167	1.340000017080456e-05	40.61370086669922	0.11431799829006195	23.231549575399974	22.27187058728687	21.528544247591142	21.141411567045466	21.011725528619575	0.184944692252965	0.024792592354186748	0.0159854002231386	0.015109614953529209	0.04970849603182848
15325	0.2139970064163208	3.809999907389283e-05	39.98939895629883	0.09125369787216187	23.88604200888153	21.916288107800085	20.628654588379135	20.119689279977155	19.790940526738908	0.3592682880897582	0.01623189599552332	0.007320049498418444	0.005575582601310197	0.013984834804585627
15351	0.31635499000549316	2.010000025620684e-05	40.785701751708984	0.17781700193881989	23.970716645062783	22.861797391718312	21.840076644392312	21.37856519287744	20.902735947451706	0.3836576919908395	0.041313889943544346	0.019620757749453297	0.016679888557411655	0.038519255992968675
15356	0.2749269902706146	0.00010119999933522195	40.41849899291992	0.116566002368927	24.11672330745067	23.524710217660836	22.118020621762607	21.608141411574387	21.16826401057198	0.37790671709991785	0.062301126314075826	0.021874576771570217	0.01970001011055811	0.050629685864852024
15359	0.3119730055332184	1.3099999705445953e-05	40.56100082397461	0.13259199261665344	24.488691324621065	23.970484922469918	23.217562442122887	23.00570480933129	22.31892239182042	0.7490926317265031	0.1088632428095619	0.05958520291712614	0.06374352970453608	0.14524568948967143
15365	0.1879580020904541	1.8599999748403206e-05	39.836299896240234	0.0782397985458374	22.895272495988294	21.411965117625193	20.360546303193374	19.827561574064752	19.454868467438594	0.14467876022183238	0.016586264335148454	0.008577524412254244	0.008449150164847097	0.01862347982490607
15383	0.3160629868507385	6.289999873843044e-05	41.084800720214844	0.14496499300003052	24.549158898546622	23.922554521455343	22.70256779309884	22.149388278891138	21.80609452669345	0.49193720404677427	0.07791362718984066	0.029685678243602628	0.024204448193810346	0.06601213000731476
15419	0.2777869999408722	0.009999999776482582	40.59939956665039	0.14424799382686615	25.210887651471158	24.35318164603794	23.199188889667216	22.81844397224946	22.617021622112382	1.0719375506508357	0.18853707016443536	0.08352254915470247	0.09013053871108843	0.27812831429248897
15421	0.18544499576091766	1.52000002344721e-05	39.75669860839844	0.0699881985783577	23.430559025486183	22.672011681684022	22.09842723090292	21.81163199110721	21.70807818178048	0.18058026559345136	0.0313318453667375	0.021380079374517958	0.021714724095162587	0.07199310584803906
15425	0.15989230573177338	3.467610076768324e-05	39.07279968261719	0.07699380069971085	23.225116430668923	21.36481481848318	20.383289475757756	19.973708272577486	19.71659167681147	0.1572626500662017	0.010699704321817773	0.006179886198780101	0.00606786443465632	0.013492241594130509
15433	0.22068099677562714	2.9299999368959107e-05	40.100101470947266	0.08295579999685287	23.737985072935793	22.358614297067515	21.150001297012576	20.630256363252528	20.262572579008584	0.22677952597230525	0.024870079313052507	0.01083149065271017	0.008629251824234149	0.021151100951338656
15440	0.262253999710083	4.270000135875307e-05	40.445499420166016	0.10993500053882599	24.010846246498467	22.69789331306431	21.377501267064957	20.87360056001934	20.517199256747283	0.3061223009207306	0.02641862417592237	0.01075102157698794	0.009179284538995762	0.024382120358736884
15443	0.18190829455852509	1.5225999959511682e-05	39.66419982910156	0.08707209676504135	23.064434016446654	22.213831329041355	21.392491945898186	20.96346264063111	20.65895113676624	0.13985328325300408	0.020467253170101937	0.011234728156484318	0.010014917902083349	0.030223955290614123
15459	0.126787006855011	1.5899999198154546e-05	39.2577018737793	0.06577789783477783	23.491416742857254	22.54611751241578	22.065668533314224	21.934607258363144	21.765668039595308	0.47490712648754696	0.03422564990286403	0.02286920822649115	0.02472749995129771	0.09125596836519105
15461	0.18616899847984314	2.990000029967632e-05	39.62419891357422	0.06735020130872726	24.167465342389434	24.468894614649027	24.10643314245807	23.549581425835655	24.080869961937253	0.7771132231830287	0.18773959366300655	0.14679563150557368	0.09953237039998493	0.6731667066826627
15467	0.20977799594402313	3.429999924264848e-05	39.92369842529297	0.07584449648857117	23.007134977974644	22.00657555029967	21.336800959120303	20.98547156055691	20.832921696560422	0.1880956878454	0.02336610608491709	0.014862294651924964	0.013369748214222975	0.042733958806494346
15483	0.3165769875049591	5.790000068373047e-05	40.442901611328125	0.19858500361442566	23.969905832262178	22.04639871785784	20.383289475757756	19.812110500641563	19.46286120773524	0.39286583584774804	0.022919784953544842	0.007009829593244371	0.005766951858953881	0.013045243568504481
15535	0.20079199969768524	6.27999979769811e-05	39.905799865722656	0.11364699900150299	24.972833031736247	24.148601655657327	23.01383412080864	22.657741502099196	22.153074992806154	0.760277809778255	0.1030725934388815	0.044595822627797446	0.04484712922201573	0.1203042637445082
15558	0.30594301223754883	8.89999955688836e-06	40.65840148925781	0.23900699615478516	23.127055173106214	22.677279698834933	22.15285778040076	22.157428391600792	21.93691903888798	0.20249672788447742	0.04133120312535811	0.04072325232889564	0.06257487286964791	0.17979891241280713
15587	0.21884730458259583	1.2696999874606263e-05	40.09629821777344	0.11068899929523468	24.61403164156443	23.91779857672395	23.386378030430002	23.120151471361314	22.98354134630116	0.5127960804947197	0.08790291594733178	0.09057948773651935	0.12096085947695397	0.3999392864302516
15648	0.17501740157604218	4.1384799260413274e-05	39.33359909057617	0.12542399764060974	24.574725612290536	25.29739960568407	24.24309787669387	23.49589709118789	23.27157849718197	0.6621131434824333	0.3215131912387709	0.14785728675138482	0.09615237926355591	0.3215215453888563
15663	0.29219698905944824	4.11000000895001e-05	40.567100524902344	0.1457650065422058	23.896813289731185	23.185609937833746	21.834230608226683	21.31049105915016	20.94903404018642	0.3163032094021191	0.05931909352769686	0.029767051675797167	0.027203390544630487	0.06199087901754337
15719	0.26867198944091797	4.2499999835854396e-05	40.490699768066406	0.11467000097036362	24.519944502733637	23.65779058976209	22.807275389662035	22.278921636575927	21.773143804960032	0.43602397320286657	0.06714192690224272	0.05008037611128506	0.048078770154533206	0.10212840132461198
15765	0.3051390051841736	2.750000021478627e-05	40.73460006713867	0.1567849963903427	25.100495637842933	25.140929324174834	23.998769765330458	23.66826401057198	23.01383412080864	0.8144661620587418	0.21575134304020904	0.0910705683084275	0.08945484077974895	0.22981896323527515
15784	0.2775680124759674	2.390000008745119e-05	40.45320129394531	0.11036600172519684	24.496937936510573	22.95588952394642	22.392204690731777	22.197641326117488	21.92999841204272	0.9312760723536201	0.04832572713550433	0.028158744462554976	0.02514598548022268	0.08136830469024757
15806	0.25175198912620544	3.930000093532726e-05	40.13140106201172	0.1325960010290146	23.449750934372098	22.187055286104695	20.955503192620526	20.38031427192564	20.029092076949937	0.32830253272012655	0.021423341546404212	0.009797579696323359	0.007062803145885564	0.018121198325524647
15829	0.24886199831962585	1.8200000340584666e-05	40.904300689697266	0.15360699594020844	23.90169544926543	23.2709700711617	22.7065389025141	22.652911399800022	22.13007625622491	0.5931588379524882	0.06386683557400763	0.04669172019795954	0.05229021227100821	0.15578878941926147
15866	0.19003500044345856	2.719999974942766e-05	39.638099670410156	0.09626410156488419	24.911876342776985	23.8679725605193	22.555203224053514	21.97293559317687	21.55214142321929	0.9881357434873378	0.11953639380540959	0.05571830827663424	0.05592461569932128	0.12951897438561835
15901	0.2047400027513504	0.0001782000035746023	39.918800354003906	0.07553750276565552	24.35483094941564	23.056417469055592	22.35651625543929	22.111938050085108	21.881735524054253	0.5514509972783385	0.03807314958018508	0.02326839583604476	0.021480467776663435	0.07383750658507834
15909	0.21804000437259674	3.300000025774352e-05	39.78739929199219	0.10737299919128418	24.141391051014306	22.695026681155454	21.445405894803855	20.952623254049307	20.632395745628983	0.3224529405413803	0.03260071465176849	0.013969330379225646	0.01163391509469307	0.028069600204866235
15950	0.220428004860878	1.2800000149582047e-05	39.707401275634766	0.12017200142145157	22.971934049469883	22.142052195543513	21.397896318454166	21.052730771639922	20.732136301274696	0.14339476460119063	0.021891056772504965	0.019417557673917847	0.020800087931386674	0.06121204657095832
15971	0.31588199734687805	6.690000009257346e-05	41.15599822998047	0.14313599467277527	24.589171111716162	23.08217934125865	21.471992004091625	20.849141541153745	20.506181322924526	0.86699138931167	0.038992447127565964	0.01462884233571964	0.011164584212684438	0.02584223749867681
16021	0.12459699809551239	2.209999911428895e-05	38.64619827270508	0.05857979878783226	24.594509462357905	22.851415440317055	22.12456058564377	21.880889869206023	21.618182363103923	0.6658495966620946	0.03893275618127743	0.023763043421231325	0.025139983439354384	0.07697046762093389
16069	0.12825000286102295	3.7999998312443495e-05	38.77149963378906	0.06532400101423264	24.732835094615886	23.441179288235077	22.722570198130047	22.43387867585374	22.139260270226643	1.4588703526465823	0.07591615533924798	0.04287153100600051	0.04535389380850233	0.1447576777145914
16073	0.15471599996089935	1.4299999747890979e-05	39.44409942626953	0.06176700070500374	23.754000561139716	22.56913528836254	21.876334679938875	21.526468619690966	21.3732559588028	0.26611925857882823	0.021466155195922397	0.013519090904338315	0.013088360270817582	0.046490694660326154
16093	0.3360289931297302	2.7399999453336932e-05	41.13610076904297	0.16083399951457977	24.225080621977874	23.754000561139716	22.9891572357429	22.887553959656305	21.90689677020544	0.5572947874146341	0.09180355164882331	0.07225729279721346	0.10908636484641893	0.17680010606986446
16116	0.15649199485778809	1.8900000213761814e-05	39.43069839477539	0.06838440150022507	24.757904393409937	24.06964250748025	23.71393882489575	23.363618238355983	22.954979816138902	0.9783110051247227	0.11644311365970399	0.0847368171935915	0.09022408242102331	0.26643275376392955
16163	0.15504099428653717	9.999999747378752e-06	39.227298736572266	0.11280699819326401	22.808863884758495	21.6017165303137	20.65621145273683	20.215253888741834	19.945760222409483	0.17708786707182375	0.012290193932487868	0.005767973587777563	0.005264617460277833	0.01593759485265863
16185	0.10136599838733673	5.959999907645397e-05	38.087398529052734	0.07797639816999435	23.79954905334545	22.230966357141206	21.459534679488787	21.10275124021779	20.751080925067356	0.24743304575162475	0.0214976702107204	0.014244051614129045	0.013350839871436468	0.03256611399640308
16199	0.2823919951915741	3.9999998989515007e-05	40.490699768066406	0.1338060051202774	25.31644113787824	24.1904863389586	23.368265236237626	23.102821335713514	22.296628259301915	1.0056966762097972	0.1465523976891608	0.10212040896468927	0.12993407364044027	0.2058163104749311
16206	0.15972900390625	2.7599999157246202e-05	38.972599029541016	0.08508069813251495	24.06495632469342	21.920488253095137	20.890444462916644	20.439182086938462	20.099184362073935	0.4171825412532401	0.019919191353443718	0.008718482094493047	0.007926815295984858	0.019604844445602433
16237	0.3131529986858368	4.3000000005122274e-05	40.944000244140625	0.11244499683380127	24.05401650779925	24.026956645861567	23.32075466396094	22.852656045523176	22.68186608117456	0.47292957524610846	0.0867051335821795	0.05040235812704161	0.03918001571209881	0.1501858481866667
16298	0.2827869951725006	5.9699999837903306e-05	40.8202018737793	0.18990600109100342	24.73681687353249	23.288136218543993	22.122024311479507	21.51216965496775	21.049581425835655	0.7781070358716138	0.062845402404042	0.02847867276334273	0.02324599857398767	0.058209926575157056
16393	0.316430002450943	8.679999882588163e-05	40.26449966430664	0.13069799542427063	24.68683116881527	23.139916956738233	21.784532212583763	21.225895380003244	20.746908450300996	0.7240482306653285	0.05098216131279857	0.01687857223412823	0.012864216872389762	0.03141198444450917
16405	0.27567899227142334	3.469999865046702e-05	40.47719955444336	0.13160300254821777	23.645697937416315	22.859713044361406	21.535532805813883	21.01552846142091	20.651842287063033	0.275986584326572	0.03353829557697436	0.01325958568856082	0.010537355587231529	0.027879220317961
16460	0.2819879949092865	4.529999932856299e-05	40.94990158081055	0.20986199378967285	24.178213220574996	24.744115572241615	23.97722503829045	23.697598005005013	23.486954806968953	0.4497248414023983	0.1836963604917148	0.09811726041925248	0.10451900394352118	0.3668348639862907
1658	0.2772960066795349	2.2000000171829015e-05	40.78799819946289	0.13200800120830536	23.89357067048246	23.662142243702846	23.01912688478093	23.049451218362403	23.369596611272335	0.27607487194545677	0.08387639210733887	0.06328235898012732	0.07514346049376729	0.3453706884460676
16590	0.30636999011039734	1.4899999769113492e-05	40.73040008544922	0.23583799600601196	22.911312811518165	22.38734196757828	21.660404744163984	21.456900091213996	21.110207679934593	0.13866502212820037	0.0280059562250173	0.018049605437514403	0.019609608587517743	0.04598998992895844
16739	0.26563799381256104	1.6899999536690302e-05	40.78340148925781	0.11494600027799606	24.09325197729908	23.168318114672406	22.38572588759036	22.09060577986891	21.679757354037463	0.43208928292106685	0.04426505556503709	0.02594570405024385	0.02598465756381848	0.07349685371062922
17168	0.18519200384616852	1.3699999726668466e-05	39.745399475097656	0.08815660327672958	23.156758836768976	22.362032285278836	21.861453331671356	21.636790466992014	21.426663587841613	0.45482655839262637	0.03044169422023763	0.019695367678848906	0.02188755612377724	0.07826469014417589
17186	0.07881610095500946	3.270000161137432e-05	38.01240158081055	0.07261619716882706	24.34857688092101	22.5498679002718	22.102566527585434	21.76399685781258	21.61539859254163	0.5317087822576088	0.0331857086806118	0.020798193532704432	0.02192118399987051	0.0834061466891381
17206	0.1564657986164093	2.3136899471865036e-05	39.201499938964844	0.13397200405597687	24.829093297156454	23.84296409509091	22.88669972184296	22.408298048078613	22.041683243758342	0.7740660471569724	0.06696746743010057	0.03635060183763553	0.03465232483421922	0.08979183491860297
17218	0.17839300632476807	1.4299999747890979e-05	39.46329879760742	0.08989740163087845	22.462096009963076	21.65985290872402	20.98844008244649	20.640456185060593	20.432036121497905	0.10533951263185258	0.015406089185909943	0.009051517435971265	0.00838708295280125	0.02321490081104405
17395	0.30272001028060913	2.9799999538226984e-05	40.955101013183594	0.1983480006456375	24.71498062120409	22.875232813953996	21.667326457041657	21.171777723039177	20.741567293947224	0.9891445491770207	0.04828780085753082	0.01609578231407869	0.014640721594145279	0.04085422872974838
17423	0.2651579976081848	2.1600000764010474e-05	40.739200592041016	0.1385120004415512	23.44189101307522	22.026111285118333	20.787518445437847	20.247445393105586	19.852071332799863	0.23402064951081783	0.01722335538769037	0.006651523848262261	0.004991156748957295	0.01388155878229572
17552	0.2532910108566284	3.569999898900278e-05	40.52470016479492	0.11559800058603287	24.95921224676775	24.825013494498705	24.10551441729799	23.551942578353216	22.556147479400543	1.42729671904013	0.23926408956706927	0.14378526829566335	0.11534962291479693	0.2145021759516351
17647	0.27463600039482117	3.49000001733657e-05	40.6953010559082	0.11566299945116043	24.481433827037797	25.29582778318044	25.019612275183892	24.159163508608938	24.504300167968964	0.7800831016762371	0.3171606266123476	0.32243259698229365	0.1637494745782224	1.0762653725463525
17687	0.30322501063346863	1.5300000086426735e-05	41.28049850463867	0.3836509883403778	23.462736638461124	22.277946351349996	21.267369513573684	20.80998275448814	20.402612955636904	0.27578860816048745	0.027758777490898078	0.019360694270687	0.02160123250581505	0.04709478270439293
17695	0.18290600180625916	1.630000042496249e-05	39.33549880981445	0.09297160059213638	24.857827056280332	23.549581425835655	23.080136563224706	22.80450110327091	22.377414247457015	0.7337047993980402	0.06327302661762076	0.051837781204617454	0.057671077299766484	0.14978619031447943
17773	0.28802698850631714	3.740000101970509e-05	40.909698486328125	0.14911200106143951	22.98681375068726	23.05143701901613	22.197867686215204	22.010759510023586	21.76020825670144	0.12725446332611454	0.042848069993727006	0.020863521399188744	0.024409057183137302	0.07465665557309975
17809	0.2889550030231476	2.9599999834317714e-05	40.763099670410156	0.11298199743032455	25.056147479400543	25.049241935305048	24.81437638571737	24.53913755395258	24.0247622535038	1.140211948210321	0.22656529852027713	0.19048268884777023	0.19381300761931733	0.5168664557480092
17899	0.2888149917125702	2.209999911428895e-05	40.57899856567383	0.13896100223064423	23.883900516659153	22.97981349300885	22.207874542349387	22.078166934362542	21.702612813797888	0.33984078054350514	0.040708129939324725	0.022279069302602105	0.025100680139879816	0.07077083374830673
1794	0.14191000163555145	6.340000254567713e-05	39.30030059814453	0.08301299810409546	23.759709967134597	23.76929287316392	23.08884503901309	22.890120713108843	22.809261371932898	0.4386832222739788	0.11165372318434667	0.08013154936111631	0.06827074991654668	0.24501619296683821
17949	0.2641269862651825	0.00010789999942062423	40.57149887084961	0.15288299322128296	24.58794290320877	23.776051590794797	22.48869634289236	21.982361568873927	21.656547773128278	0.5529950935483746	0.07030650410650546	0.02857122664742365	0.024669916500659153	0.06943981552721067
18011	0.2839609980583191	3.3200001780642197e-05	40.62649917602539	0.20768499374389648	24.561667289777954	22.642632974618152	21.608141411574387	21.150001297012576	20.775847052768977	0.6913405813633703	0.02852103522800564	0.014308151535572246	0.012892578444109638	0.03567593528183859
18049	0.28859999775886536	2.429999949526973e-05	40.974700927734375	0.15523000061511993	25.078416509194756	24.519368158631934	23.626119255021262	23.389087292483982	23.446886193383577	0.9709914371149523	0.14395175755638034	0.09937818564142009	0.10423338830188913	0.44223365968508
18189	0.2858240008354187	1.2600000445672777e-05	40.364200592041016	0.18215599656105042	24.087172304342484	23.81349448071893	22.9271504113709	22.597220413022143	22.298116928920088	0.5497692413780619	0.07209168096413397	0.04141751252926318	0.04352755688352621	0.1504587560218217
18201	0.2930321991443634	1.9708899344550446e-05	40.714500427246094	0.23057599365711212	23.457668170814962	22.86723549619505	21.951976543092574	21.47408219208323	21.13458837912369	0.3109843221213405	0.03710542271031259	0.018718344876711226	0.01505222551291915	0.044526237308679134
18273	0.3161810040473938	8.679999882588163e-05	40.930999755859375	0.1807049959897995	24.97897458624002	26.234250808877135	24.911049535118224	25.967828877901788	23.82154446165317	1.216540728616078	0.7907701027787749	0.21992976712976772	0.7043795660150123	0.4541912290974241
18283	0.29924899339675903	3.9599999581696466e-05	40.34669876098633	0.18154999613761902	24.509426500396646	23.561438873918448	22.716713211817392	22.36019049314123	21.90810959302896	0.6883624632094923	0.059206800799731375	0.031933203036379816	0.025878903631087233	0.07554907201558245
18301	0.3315649926662445	4.610000178217888e-05	40.933998107910156	0.22118200361728668	25.41043968223528	25.464569977459526	24.117916934376346	23.671777723039177	23.800539236911355	1.257673529788155	0.3588846669213184	0.1410581258442791	0.13092183733226065	0.5187956664524018
18324	0.2669839859008789	7.619999814778566e-05	40.41780090332031	0.16615599393844604	24.46432077603404	23.70030445311543	22.871437266937388	22.5787379706937	22.127102798406618	0.5854978995559645	0.07954237120715547	0.04710891093929224	0.050830587495487196	0.11287923582189423
18333	0.2539750039577484	1.52000002344721e-05	40.1150016784668	0.15463699400424957	24.216764117743736	22.85182881789858	22.101323080755776	21.706061422959053	21.35643879850589	0.41525412811164336	0.035429069073009946	0.03719920304741703	0.037203447631226995	0.07811877208106041
18362	0.23626099526882172	3.7599998904624954e-05	40.0807991027832	0.1279039978981018	23.50114763919818	22.237755888687026	21.125275964722746	20.668318114672406	20.34113182295039	0.2918104024007134	0.024612838905181043	0.009297880697579322	0.007802691379760257	0.021014645320601353
18363	0.30852898955345154	1.0800000382005237e-05	41.102298736572266	0.2218019962310791	24.080741722853098	23.07149738098037	22.38438098935726	22.221670613673503	21.736861409793207	0.4163677166469406	0.04194636796657631	0.026537231526051634	0.028416113798870057	0.06825642852768275
18375	0.1105090007185936	1.720000000204891e-05	38.184600830078125	0.05809880048036575	22.496715768634978	21.337825722013516	20.540559789378094	20.156704669738282	19.917404543135437	0.10132941680320928	0.011431500172854716	0.006164148004358569	0.005451135001935501	0.014027556581127237
18456	0.21993499994277954	4.999999873689376e-05	39.82440185546875	0.08844839781522751	23.720360604016918	22.134124732683006	21.08392533870272	20.64423830057123	20.357217097963915	0.2852357826059493	0.016322333900079943	0.008934197021215997	0.008281038849850141	0.020833835938221437
18588	0.25131499767303467	9.800000043469481e-06	40.924400329589844	0.19423900544643402	23.194076860425916	22.599184362073935	21.96122153532984	21.75507688337992	21.60250121081383	0.47033457721777006	0.03823337812168791	0.024995234894918034	0.02719233928433202	0.10756624985566142
18602	0.13833999633789062	2.2300000637187622e-05	39.08649826049805	0.06560560315847397	24.004014302150935	23.69130907270656	23.106474380944483	22.67939408354358	22.46933910690369	0.6486697321043122	0.09836125023303846	0.06549963719604893	0.06021285579993915	0.17999674912616703
18604	0.17626099288463593	2.3099999452824704e-05	39.59000015258789	0.07574830204248428	25.515275044981323	24.075624540269978	22.685407298288894	22.13476534802547	21.783140738439183	1.2996151826763975	0.0852814073139041	0.030447434111871226	0.02464960811117217	0.0702862387284009
18612	0.11489199846982956	1.9600000086938962e-05	38.36360168457031	0.061298198997974396	22.855141516745388	21.750269409280442	20.906175089398392	20.525900662040655	20.271751101058435	0.11956369283108051	0.016893893452470134	0.010016880975370053	0.009163477669125385	0.023650383972057168
18617	0.32732200622558594	6.169999687699601e-05	41.02170181274414	0.1722099930047989	23.950057193322863	24.862295653674245	23.7521040782038	23.793626841181755	23.041051852021802	0.41326189573778016	0.23742906719286216	0.13187999974025447	0.2172456757843329	0.39373933082797086
18650	0.11371300369501114	2.680000034160912e-05	38.72570037841797	0.060975901782512665	23.629498981344913	22.735865093286534	22.151555417743886	21.991121311115617	21.75402342797351	0.3545779187791553	0.03682659659602266	0.027419991265020496	0.027957426575467865	0.09517114114026996
18697	0.10762300342321396	1.049999991664663e-05	38.354400634765625	0.06142989918589592	23.305578139097424	22.105681389255444	21.389262187825622	20.962736638461124	20.671643496153273	0.2687652374994097	0.023748529895303273	0.012588090057146234	0.011452484833611819	0.03581375252095834
18749	0.19063800573349	3.300000025774352e-05	39.54560089111328	0.08484899997711182	25.359713044361406	24.22215529027486	23.036631295884508	22.616688625267336	22.24885058281981	1.0807385697534893	0.11524900653224326	0.04893900798331903	0.045946518324631064	0.1077669108831168
18804	0.1984259933233261	6.049999865354039e-05	39.70439910888672	0.06642220169305801	24.20764570370077	24.05576951323907	23.251678304012145	23.157854433435862	22.603451811456452	0.5056103287258089	0.09747063943454215	0.04979328450329936	0.054336136971085795	0.1384716577410398
18827	0.29900598526000977	3.590000051190145e-05	41.22529983520508	0.11730500310659409	24.608805212849187	23.50945014628887	22.359664840163273	22.09677592076748	21.68440297470784	0.5013657003915758	0.06231807595349347	0.0323461100691495	0.041684515004106755	0.10101184025556402
18835	0.12318579852581024	3.4725300793070346e-05	38.694400787353516	0.07363829761743546	23.673538852711214	22.415743125512453	21.389262187825622	20.915863048429028	20.581668286316408	0.20516184128871148	0.019263240207762735	0.009526528956996579	0.008104791387631108	0.023942399319983976
18940	0.21236200630664825	3.49000001733657e-05	39.832000732421875	0.07785779982805252	24.091307954926968	23.317575346301847	22.395730251631967	22.008855711175705	21.893815452871248	0.3769323902267043	0.042229423964013565	0.022114031631063128	0.020980501644152362	0.07317512996770438
18965	0.20587100088596344	2.9000000722589903e-05	39.886199951171875	0.08280079811811447	24.093511443474235	22.520221383870137	21.591437448183104	21.094525926600163	20.843924780584114	0.4677436685173346	0.029367275572021238	0.02106980922163021	0.021001825606000647	0.04781402699204464
18971	0.27135398983955383	3.7599998904624954e-05	40.40010070800781	0.15636099874973297	24.311314802613936	23.501899794548496	22.301847557506637	21.773909540378437	21.300539236911355	0.40514911686242455	0.0552875234411832	0.03159048893146646	0.036400581663684435	0.07348532086583763
18972	0.3309839963912964	4.7500001528533176e-05	40.70429992675781	0.17087599635124207	24.484405395652242	22.75953023388726	21.202112507163168	20.606474380944483	20.27907286363781	0.6276738079922384	0.029416273669312595	0.012675970190551162	0.012143308635787843	0.0257321027160447
19027	0.2926329970359802	1.340000017080456e-05	40.39889907836914	0.12151800096035004	25.24481966944434	24.38376778708047	23.65865952634689	23.507179522516527	23.50114763919818	1.4701272834613182	0.1507486661813278	0.09275264455379696	0.10796875350937388	0.4624153503644388
19051	0.27775099873542786	3.3399999665562063e-05	40.606300354003906	0.08586660027503967	25.149817642492923	23.826606178069206	22.468467379675197	21.911408386306277	21.52927777055886	0.732863356673603	0.060151815157067204	0.02180767101477805	0.0174406376260795	0.04895474237043019
19149	0.21130500733852386	1.2299999980314169e-05	39.56079864501953	0.06801310181617737	24.879017993989017	26.231458515341277	25.692378185443552	26.213938824895756	24.35235793292297	0.7345236802822921	0.664083856745897	0.509430369340396	1.0445751860436256	0.855019319748856
19155	0.07760269939899445	1.4299999747890979e-05	37.79759979248047	0.06797540187835693	23.390444462916644	22.530321328374487	21.934962596675845	21.57805219504902	21.384970734788936	0.18170294458616348	0.024116196697587113	0.015999948915944674	0.014825262268080492	0.0520382441333778
19246	0.3352169990539551	4.8800000513438135e-05	41.054100036621094	0.29694199562072754	24.113150279967602	23.403422904896175	22.023601803929708	21.44280532780066	21.00566840716507	0.5169732014137942	0.07263437774869258	0.021036018458375407	0.01695121742606566	0.051364835889913446
19274	0.25458601117134094	2.5999999706982635e-05	40.57320022583008	0.13798299431800842	24.75910132463551	24.949749808753275	24.384785346859502	24.679238577001566	23.301191320181047	0.9887313155176614	0.25757328528340373	0.1594584912067026	0.24434071588940892	0.31039797144093295
19353	0.15405599772930145	1.4399999599845614e-05	39.282100677490234	0.0668535977602005	24.88384349617561	23.28566723236404	22.45576181100968	22.020136685441415	21.69717481959332	0.716032414174812	0.03945273125637293	0.02141903179191011	0.01858571269253162	0.06349401313126689
19414	0.2918330132961273	5.310000051395036e-05	40.91529846191406	0.21373100578784943	23.848126901798334	23.322029002375725	21.757639538576	21.183276462420025	20.74275194895265	0.3845100095973738	0.06349931062472677	0.02129515964572867	0.015605790658071392	0.04649937916229412
19425	0.21140199899673462	6.399999983841553e-05	39.887699127197266	0.1224220022559166	23.347834999233434	23.044502548880253	21.68102237144289	21.10110118487777	20.8945261827794	0.3950565108232977	0.052237785567717195	0.019492621499932222	0.014303358506115069	0.042666093168775204
19449	0.33091700077056885	2.4400000256719068e-05	41.31209945678711	0.1617259979248047	23.62780780311395	23.898980428583933	22.736236729848358	22.58454061267807	22.11549956133092	0.33721192164900354	0.10290089285255119	0.043191560079731135	0.049842370578655426	0.12703994943188474
19652	0.24595299363136292	2.809999932651408e-05	40.00659942626953	0.15178300440311432	23.636290160357298	24.233461320867132	23.656054800096204	23.391803331936025	23.467099951251544	0.3539074248607676	0.16472017462072763	0.13398262271176598	0.17472398536182798	0.6743223381766261
19708	0.23744499683380127	3.389999983482994e-05	39.79209899902344	0.09148050099611282	23.777990405961358	21.743395746710764	20.381163498566327	19.891122201903563	19.55291611710173	0.21326614638591318	0.012272438730967526	0.00528000822579951	0.0047145944317225205	0.010488912979737813
19769	0.25251200795173645	2.4499999199179e-05	40.031700134277344	0.12461700290441513	23.390444462916644	23.198050801298066	22.164210846371777	21.68708677076511	21.394650467890962	0.357702209297425	0.05846709368734191	0.024361576456064765	0.021808066011945237	0.0743810325349226
19772	0.17514899373054504	2.1699999706470408e-05	39.03310012817383	0.081427201628685	23.404110297261496	21.394650467890962	20.258012252228234	19.784791817335112	19.465965139132166	0.27415011072645107	0.012909997658566812	0.005388861847577024	0.004936948227192489	0.013506792429350456
19775	0.13809199631214142	2.5600000299164094e-05	38.91400146484375	0.06720130145549774	23.343924780584114	21.81592313005005	20.74334476152799	20.188960103176214	19.766069667674007	0.2298325950515561	0.020893017023213056	0.01015172246065493	0.007800503968632644	0.01665727614315869
19818	0.3050310015678406	1.1799999811046291e-05	40.78459930419922	0.11862199753522873	23.841934473197952	23.024930388334653	22.161361431056736	21.892960340434545	21.455870903097246	0.24555133502871065	0.03864813556017102	0.022261970166109226	0.024685924731077606	0.05752721674436956
19821	0.2660120129585266	8.209999941755086e-05	40.526100158691406	0.14126500487327576	24.279438835589623	23.09503452582623	21.77928486321402	21.29264293879928	21.01934476132459	0.5346299961594421	0.06553729258830635	0.028144154598665067	0.02690737550922321	0.07434234590748799
1991	0.3154839873313904	1.9499999325489625e-05	40.53969955444336	0.1596049964427948	24.311949272291457	23.59698698440818	22.900448840499923	22.672362088724263	22.336784494878046	0.6167260891268228	0.08078140173979548	0.07035017145127347	0.0921368780603332	0.21694141418295138
19953	0.12322799861431122	1.8400000044493936e-05	38.779598236083984	0.06735579669475555	24.005568684957236	23.16942544389104	22.583894341108536	22.334214703844623	22.736608493661183	0.5119974895481635	0.05888457069683121	0.04286735922981368	0.04879396040768803	0.2595727549800172
19968	0.05593879893422127	1.5600000551785342e-05	36.69129943847656	0.09478840231895447	23.64483930850264	22.26029957683169	21.301530324341886	20.946886193383577	20.678883620782777	0.23714538606693375	0.027742861945785246	0.012384333513633824	0.011107696482143445	0.031163925959526953
19969	0.17531700432300568	9.999999747378752e-06	39.414100646972656	0.06468100100755692	23.524710217660836	22.87438821165177	22.288722977836212	21.927348334562158	21.64969422048387	0.2969062063117773	0.03668792128908594	0.021946098394068202	0.021615908513387107	0.0711344410013947
19990	0.24987700581550598	6.209999992279336e-05	40.33700180053711	0.10658600181341171	24.943203208054037	25.819481819495394	24.913255756257865	24.896273663157203	23.92067177344636	0.7389589851516386	0.4446620859674331	0.24442177363154025	0.32422610570123866	0.5830354731828971
20046	0.26395198702812195	1.4000000192027073e-05	40.663299560546875	0.11658299714326859	23.525478880492766	22.49225322143712	21.767646394710184	21.403763415194636	21.06302969648108	0.17570164503345087	0.031173722039815038	0.022132080604847955	0.020514160882596406	0.05290178018198334
20048	0.18531599640846252	3.590000051190145e-05	39.63719940185547	0.1015319973230362	23.76257596845938	22.039920207585144	20.68673505317252	20.15532376499918	19.786755618376496	0.29195303056579835	0.02190262868441224	0.008735420372133837	0.007476296014333863	0.015474013617485178
20064	0.1048400029540062	1.809999957913533e-05	38.169498443603516	0.06533300131559372	23.301816924464998	21.705485893549998	20.724533485041622	20.24894866258043	19.87448018394626	0.260764424508768	0.017692839584691297	0.007920104682052056	0.006893503509946834	0.018963091368187253
20065	0.3098379969596863	5.709999823011458e-05	40.826900482177734	0.18022100627422333	24.247574530389244	23.854354851215902	23.22628326173744	22.745944202123592	22.586805597386636	0.6239880433074886	0.10430562580706094	0.06993075125270101	0.06150629968232582	0.24318936233066935
20084	0.13972899317741394	7.999999979801942e-06	39.090599060058594	0.06909909844398499	23.108567367047577	22.71963775555132	22.103396283991703	21.60433434039384	21.42710874414336	0.3008950552983818	0.04173092627863343	0.02475694365971805	0.01770464227674391	0.06343664784618187
20088	0.2445330023765564	3.300000025774352e-05	40.323699951171875	0.07478690147399902	23.464916102969667	22.23494127608094	21.09780857824591	20.599699907004595	20.236980384812195	0.1628240698227362	0.017622423880033246	0.00865465725670182	0.007937822587896756	0.01710992306230694
20104	0.17829200625419617	5.230000169831328e-05	40.606201171875	0.16116100549697876	24.47496173648306	24.8257772906644	24.041947809437577	23.746434424564246	24.069515587589436	0.6486024738222278	0.22962696744309866	0.14872420719307938	0.1309103809382849	0.7051256988470096
20111	0.24418699741363525	6.120000034570694e-05	40.30910110473633	0.1152930036187172	24.238936254386772	24.66486946708033	23.579875590610442	22.962736737336762	22.5787379706937	0.4281233347358877	0.17548782387180847	0.07319624421355252	0.05417232940653173	0.17014261165472377
20125	0.1662359982728958	2.9200000426499173e-05	39.197200775146484	0.07658100128173828	22.72220320938065	20.90479812509873	19.718435815182225	19.291205092418142	18.932241203132488	0.14302804076198677	0.00865561562475112	0.005576337456226941	0.005541535324643642	0.011955624257173881
20232	0.21771599352359772	4.189999890513718e-05	39.817298889160156	0.09888750314712524	23.877501267064957	22.13754572394889	20.91170047641118	20.391406368918936	19.99225322143712	0.3558152146053577	0.021140804365625748	0.0083438273388619	0.007075295173186863	0.01568186664898124
20319	0.31886300444602966	3.7000001611886546e-05	40.67430114746094	0.20202699303627014	23.400677679148544	22.60608629550246	21.487414320754233	21.056680343855398	20.722204827409534	0.18109312203099606	0.02299070317576203	0.012037586837190488	0.011838639667041994	0.027105604983276063
20364	0.21845799684524536	1.759999940986745e-05	40.19340133666992	0.13229399919509888	25.07809514284499	23.484730696519456	22.681512593883543	22.268724575799666	21.927348334562158	1.1281502855595718	0.05789358739832401	0.031140695638424084	0.030689627866521796	0.09394538524512078
20386	0.3077855110168457	8.668859663885087e-05	40.636600494384766	0.1767289936542511	24.05364123172958	23.054920933732838	21.426218613980975	20.86428087872123	20.451348587989045	0.4087300906749875	0.037881126813393146	0.010888503835875933	0.008544041318273682	0.021306893300386997
20400	0.2935819923877716	6.630000279983506e-05	40.74089813232422	0.1691029965877533	24.241312370678607	22.925379226304766	21.480844746148946	20.899307664828267	20.51335423739541	0.7687719998362711	0.05884389373791003	0.017286632668668696	0.014266546347515396	0.04110252791057399
20467	0.27094998955726624	2.7300000510876998e-05	40.72880172729492	0.12243500351905823	23.848126901798334	22.949990002362654	22.133057879688884	21.839100116485298	21.575114145993446	0.3626710830765001	0.05928780442822633	0.03213915656198195	0.03705884139105512	0.10738723265954568
20528	0.13569100201129913	2.4700000722077675e-05	38.77090072631836	0.06028969958424568	23.960223016074455	22.62773180715715	21.60250121081383	21.052730771639922	20.836146338683555	0.411067232369054	0.03089370210874665	0.015385296744132549	0.014381865195924678	0.04195036674541375
20545	0.1894569993019104	2.8599999495781958e-05	39.438499450683594	0.08529970049858093	23.456224372457577	22.19945352967571	21.33373246097399	20.886378030430002	20.62333234142383	0.20892305973286002	0.019245802134457635	0.00982780222218506	0.008510007137605776	0.026599209710700383
20575	0.19870400428771973	2.4599999960628338e-05	39.44900131225586	0.07921359688043594	23.80749592289279	21.398980428583933	20.120023198541915	19.61487020982759	19.24190721315603	0.48593923434261926	0.014458405204221645	0.006175103791441962	0.005182256445735634	0.013633062497065702
20578	0.29037100076675415	5.450000026030466e-05	40.9468994140625	0.18973800539970398	24.99463096387061	22.7388417536973	21.14741723501194	20.5624243236845	20.14058891463928	1.232127603152484	0.03725930695806896	0.011691881951396973	0.009451878287376597	0.028681815039174788
20625	0.10812799632549286	1.630000042496249e-05	38.45180130004883	0.061651699244976044	23.191812550523355	22.025145413508724	21.25875631208448	20.84457550652793	20.564937021415002	0.3109050861333435	0.027592335703349936	0.011105203499062516	0.008637721485096152	0.027405028300822667
20663	0.2995690107345581	3.0899998819222674e-05	40.78269958496094	0.15538500249385834	24.512666652977956	23.75305190559246	22.57584823784994	22.13220515142612	21.667048739632612	0.4884667630056353	0.07210426289066214	0.03373285550518464	0.031559868876286354	0.07191961049420857
20722	0.3013469874858856	6.179999763844535e-05	40.77280044555664	0.15165500342845917	25.56142087055877	24.379707057878505	23.18224157048445	22.59852931758664	22.10609738014358	1.4638632709879815	0.17394747097540417	0.07348477875260234	0.058674284647966465	0.12800411703155334
20750	0.30566099286079407	4.930000068270601e-05	40.76089859008789	0.1773809939622879	24.428230975212962	23.294955023858353	21.68680395330981	21.160399488585874	20.787518445437847	0.3770407932919008	0.04073065372947164	0.011888097421026636	0.010439436323215695	0.025340020751550656
20764	0.16590100526809692	2.069999936793465e-05	39.21969985961914	0.08639080077409744	23.093483843051672	21.361666233759195	20.38286394715942	19.916019851958392	19.604226675010963	0.14416221443767555	0.009397487015507864	0.005020253611342448	0.004425419809860436	0.011729606129445132
20768	0.23826000094413757	0.0001016000023810193	40.49420166015625	0.1472969949245453	24.538550933746635	24.60922240255836	23.55036790627914	23.016717884003967	22.89441216614553	0.763573211340521	0.136697609791992	0.06250850831016913	0.05173610018240201	0.23052007103795374
2081	0.25166401267051697	9.200000022246968e-06	40.64070129394531	0.1460919976234436	22.910003380760745	22.434723059205247	21.820711038168135	21.58266690133154	21.28578047493006	0.22962295628151036	0.03294375932487063	0.02034555763777756	0.022069271175750905	0.06892616968640043
20882	0.3144190013408661	0.00012080000306013972	41.16659927368164	0.15610599517822266	24.401025111078486	23.00570480933129	21.547281304689477	21.09698698440818	20.7709700711617	0.5091110757082853	0.04309596186152716	0.016586945684234366	0.015620803793116204	0.03631285794065004
21015	0.3292509913444519	3.5400000342633575e-05	40.92150115966797	0.18459199368953705	24.198889140272787	23.54409195698514	22.283321294033893	21.827288846893996	21.466206950951005	0.5137016307210902	0.05850303368433754	0.021359588183387426	0.020614022206835093	0.05773130228934977
21034	0.10854700207710266	8.199999683711212e-06	38.480098724365234	0.06437460333108902	24.11182991472551	23.122271015625966	22.676575817964405	22.427426794651375	21.983661740688405	0.35469845872506706	0.04285661228356466	0.04513932439094881	0.05588101332062706	0.1344253674942751
21487	0.1891160011291504	1.739999970595818e-05	39.41740036010742	0.07900179922580719	23.549581425835655	22.36863573711929	21.516512123079643	21.068616003132888	20.7943333598249	0.2230437083923833	0.020273434452926325	0.011395214225158238	0.009873238590062871	0.02828383209990983
21502	0.08916319906711578	2.344799941056408e-05	37.85559844970703	0.08876589685678482	23.96298073466088	22.595586498184424	21.747724070531994	21.369027185376147	21.0912531699254	0.6051682141599831	0.03598439992912658	0.01745253651450051	0.016344075618759404	0.05626384681842918
21543	0.3248389959335327	2.1800000467919745e-05	40.96580123901367	0.26140400767326355	23.58799024874758	22.742948032703048	21.54355750017684	21.11771568207203	20.816306221429393	0.22439634239374695	0.032119540222055855	0.022304555678665062	0.02187377565946794	0.051236348120566155
21813	0.32516899704933167	0.00012329999299254268	40.48830032348633	0.2226880043745041	24.34399156283384	23.574231201044714	21.918561169369816	21.37537653800183	20.972945113173957	0.5613341154943069	0.0879044201333804	0.031838693478236944	0.03299661642808431	0.06644090176080619
22075	0.13002799451351166	1.779999911377672e-05	38.605201721191406	0.08322860300540924	23.733319246224745	23.237431151022193	22.240577816733712	21.845463304281093	21.548649906057005	0.25523181279948826	0.04906749170878673	0.030328090039654535	0.03397118856183688	0.08237950311758448
2330	0.21335400640964508	4.0099999750964344e-05	40.20909881591797	0.1443209946155548	24.78601877667549	24.23923298469875	23.422836329976807	22.99763591296739	22.922286588025223	1.103168875616978	0.14912735899711907	0.10297704210077104	0.1120256563184673	0.3476914680901593
2372	0.1804649978876114	2.2899999748915434e-05	39.477699279785156	0.06899499893188477	24.80709206691033	22.845644619264924	21.836987314282478	21.403763415194636	21.018580427463558	0.8706918423215988	0.030426102428682007	0.015505878204636064	0.012495880261464726	0.03254916419612689
2440	0.19113899767398834	6.000000212225132e-06	39.93510055541992	0.0806369036436081	23.701208103774967	22.903913498261673	22.360453415095478	22.00676538091555	21.91838614942831	0.20783576475761362	0.032272782115063854	0.02703164975760129	0.02449029033289014	0.08174522586114158
2532	0.2688930034637451	4.5000000682193786e-05	40.82490158081055	0.15872499346733093	24.83601291871996	24.32809375181985	22.876500950603624	22.435568099749727	22.09615732638853	1.0343160671896647	0.13633703217861648	0.04288806044506207	0.03736533110587282	0.10978984291896328
2639	0.2163120061159134	3.04000004689442e-05	39.74489974975586	0.09061639755964279	23.044008920226716	21.220360604016918	20.077452695367807	19.667948324089156	19.370960568649352	0.14598216789429758	0.011271413990073802	0.005741781526493745	0.005215057470318968	0.010877465171261433
2855	0.24507500231266022	3.3200001780642197e-05	40.34339904785156	0.13016599416732788	25.19681743895009	24.844789721379183	23.772184316163777	23.389765665642418	22.999529089043847	1.2298319308435597	0.26514875566186835	0.09660639475225667	0.09547692750591799	0.2640442236178802
3087	0.16550999879837036	1.5400000847876072e-05	39.33660125732422	0.06497160345315933	23.626963200811723	22.682219683589263	22.138831379758983	21.858965202391882	21.607615503981275	0.4143696184255754	0.03411050714948586	0.020505491829199744	0.021389980777395772	0.07424017051421204
3205	0.14755100011825562	8.099999831756577e-06	39.93199920654297	0.10226500034332275	24.54836955921359	24.76896625330868	24.48719864701217	24.224787733871228	23.60605889305702	0.5458270491580204	0.15964576207541062	0.1651631684998714	0.1653130377844812	0.38120852406572614
3241	0.2590819001197815	4.7493598685832694e-05	40.663299560546875	0.15803200006484985	23.749265550561518	25.03927526791366	23.839878154013668	23.66826401057198	23.0619224811959	0.843170074417475	0.2969497821008956	0.12500860559987167	0.1327790479809215	0.3315408891424085
3256	0.10822500288486481	8.799999704933725e-06	38.463199615478516	0.06627459824085236	22.142482360448014	21.458617575681956	20.808722468560497	20.425379226304766	20.1925245719219	0.3160187209807197	0.014736219095714558	0.008653141214255627	0.007605462656802057	0.023192839151952676
3317	0.1610109955072403	2.9999999242136255e-05	39.164798736572266	0.06671889871358871	24.061045575987556	22.69789331306431	21.9424516919955	21.576390581838506	21.320534943956307	0.3144378686245708	0.027979414820568056	0.017860611067725195	0.016846089331560673	0.044176144093225754
3331	0.21312299370765686	1.8500000805943273e-05	39.901100158691406	0.08983360230922699	24.571093709315385	24.771385991784626	23.641411567045466	23.194643676520627	22.547053895574084	0.6155862415103605	0.18693945319318353	0.07794371020761671	0.06899952799951141	0.13024462784141957
3452	0.23113800585269928	2.3099999452824704e-05	40.24140167236328	0.08883679658174515	24.591837006088273	25.043624431630906	24.485149560317943	24.41716179916835	24.09936588569986	0.5539554236833268	0.2632163230342529	0.19950449288664976	0.2520739989150254	0.7208672675109243
3565	0.2897630035877228	4.4299998990027234e-05	40.946800231933594	0.13677699863910675	24.90939780629344	26.795259843083606	25.168164649715138	24.706048240480996	24.067106924345694	1.021367754818073	1.3532251071247894	0.38053133864513217	0.35582951248375666	0.7010305142921628
3592	0.08657780289649963	4.6799999836366624e-05	37.8745002746582	0.059262100607156754	24.431060256826388	23.478821913474647	23.065440259525868	22.751584402884152	22.467016054496177	0.5800508491173569	0.06618276661975436	0.052097217057239874	0.05292963998195881	0.14367222607980273
3674	0.188168004155159	5.0099999498343095e-05	40.152099609375	0.13246899843215942	23.701208103774967	24.11447225286288	23.63970174589721	23.85227489616455	24.071548088390795	0.32626327751641043	0.10714502020639435	0.07954662107559167	0.13278190140486978	0.7541282855627668
3825	0.31343400478363037	2.429999949526973e-05	40.79970169067383	0.2428860068321228	23.834754330418605	22.597220413022143	21.434816559644403	20.975879537135214	20.555918394716876	0.32889014790083826	0.044770266997406	0.01637852963501938	0.015558790809727458	0.0351816451275256
3901	0.06286069750785828	8.300000445160549e-06	37.144500732421875	0.08016259968280792	21.80168480004368	20.716404940728864	20.30015578247997	20.0816354152132	19.954614098212787	0.039937111990306993	0.005531643753916885	0.003910463839867787	0.003768484629935432	0.010995014815220996
3983	0.30800798535346985	1.5499999790336005e-05	41.02669906616211	0.16873699426651	25.08972468080081	24.179616887486418	23.575840891783976	23.235663330488205	23.267326657659652	0.8236395498853175	0.11601786612292561	0.07240120730393787	0.07012536984093992	0.2938944232645121
4000	0.2777009904384613	0.00012240000069141388	40.672000885009766	0.1688860058784485	24.97079354276051	24.78823080366425	23.96298073466088	23.600277096637253	23.555889279190346	0.760888589607976	0.20686313187415253	0.104167167509591	0.1042076099407461	0.43366186066231477
4019	0.1814039945602417	4.6299999667098746e-05	39.56760025024414	0.08171349763870239	24.56286611530066	24.381735524054253	23.457668170814962	23.924662640036033	22.944122363611946	0.8002581527613316	0.17511874270292407	0.12273225627971136	0.2787641033083986	0.3632624864178319
4311	0.29628899693489075	2.3299999156733975e-05	40.59830093383789	0.14825299382209778	23.612704583000767	22.625715583356275	21.643426934237414	21.271219645993913	20.920041640648055	0.1969823782078448	0.029919854844788037	0.019087329425490136	0.025060642949967838	0.059422426219281684
4676	0.24502499401569366	3.640000068116933e-05	40.44559860229492	0.09674009680747986	24.943770913272076	23.496645616694796	22.40254252272387	21.907762933956807	21.49177684381695	0.8052164949513743	0.062313770317221746	0.029958884199771146	0.02639387453865333	0.058988910450025474
4969	0.3067770004272461	1.5499999790336005e-05	40.64680099487305	0.2114270031452179	23.907583167555465	22.91964274855789	21.839425528208025	21.392491945898186	21.057471985308446	0.5518876610229622	0.04612288376921441	0.019495083532677447	0.015569047464456197	0.04430849063181425
5103	0.1619890034198761	1.0099999599333387e-05	39.26530075073242	0.0646383985877037	23.960108263000865	23.389087292483982	23.080136563224706	22.82045050803542	22.856801664170916	0.3295534115478068	0.06774831158984206	0.05561336763093802	0.05940820743016181	0.21976397319721744
5199	0.22195200622081757	1.779999911377672e-05	40.34859848022461	0.12815000116825104	23.51400568949561	24.687952218171198	23.795597324852853	23.392483404745455	23.041051852021802	0.7331572578170522	0.1978328014413625	0.1017692791380917	0.09340324618627266	0.29254832280518234
5230	0.32205700874328613	8.689999958733097e-05	41.03310012817383	0.15607500076293945	23.645697937416315	23.22628326173744	22.464987452962934	22.372617172474737	22.01285755165181	0.1805551821520244	0.03948343918808595	0.026202433741496188	0.03321294439732804	0.08419371659896871
5235	0.25222501158714294	2.1500000002561137e-05	40.298099517822266	0.1168999969959259	24.95719816021342	24.339425528208025	24.103548334419777	23.771219645993913	24.057901974843176	0.6559835899544748	0.13426872640076928	0.13095358880209015	0.12795487954831597	0.617640382931102
5533	0.22028200328350067	1.779999911377672e-05	40.055599212646484	0.07429879903793335	24.477915620174837	23.693102196491104	23.017199256747283	22.935603225173892	22.612368934592425	0.44183714104749344	0.058889972825021515	0.040593534112265135	0.04823509260134841	0.14525120882225434
5550	0.15629099309444427	1.4600000213249587e-05	39.39670181274414	0.06722459942102432	23.889262187825622	23.41447375047266	22.83623007103657	22.584863892777154	22.679746881663583	0.38398512112832067	0.06650481356510793	0.04254912153781859	0.039801705421597895	0.18464925445236566
5751	0.13055500388145447	1.340000017080456e-05	38.792198181152344	0.056200701743364334	23.213516574554134	21.86644676162018	20.94189101307522	20.45361668199279	20.067861323763736	0.12772688402414978	0.012922729935550815	0.007482680335742911	0.006561642893665818	0.014931657978658416
5776	0.23865200579166412	3.3200001780642197e-05	40.6870002746582	0.14594900608062744	24.030011789429473	22.608396724534625	21.319526364037277	20.79994119200061	20.445473622286375	0.3731300370049072	0.030824202842935453	0.012268718302605792	0.01031386924082665	0.02589721972826987
5802	0.3006559908390045	3.440000000409782e-05	40.697200775146484	0.10640499740839005	25.591935371853012	24.436207197390747	23.53010232057272	23.43904690875143	22.70798655100158	1.4560728294689784	0.13828326265090843	0.08949987633817015	0.13747451225714444	0.21816127076260747
5879	0.15320399403572083	1.2100000276404899e-05	39.951698303222656	0.13783299922943115	22.93694391627418	21.588204741082357	20.66390005687825	20.157050170522343	19.827561574064752	0.25394958430071735	0.017379009770536833	0.007330097219940671	0.005629103365852936	0.01488295352105011
5890	0.17997199296951294	1.5600000551785342e-05	39.71609878540039	0.0818822979927063	24.298075875164496	24.991362908796205	23.580684332699796	23.318845956399766	22.853069895806346	0.4821665038588259	0.3105917503775305	0.09821786531865641	0.10679372505817668	0.24657760471765827
5916	0.1740739941596985	1.920000067912042e-05	39.30699920654297	0.0702420026063919	23.17386608895555	21.74384270501749	20.541544137772586	20.019307848936347	19.653509548026985	0.1998488823614733	0.016734583556730433	0.007607539393883492	0.006532071475780616	0.014577899242429007
5944	0.04591529816389084	1.5999999959603883e-05	36.55379867553711	0.0843873992562294	23.65692234804868	23.108567367047577	22.442068687360674	22.125407328681234	21.85318164603794	0.15717572076874284	0.03168170912967644	0.019551756146780206	0.01869490777375613	0.0608790154884112
5959	0.20770500600337982	3.569999898900278e-05	39.95280075073242	0.07316719740629196	23.481033940463405	22.62773180715715	21.348126901798334	20.84587812960531	20.49763591296739	0.18666396069567026	0.029773658254395794	0.011509424782564727	0.010114421307230594	0.02872282973737316
5963	0.23691800236701965	2.1600000764010474e-05	40.04079818725586	0.09042839705944061	24.8217099060724	23.579067450487713	22.81164935575058	22.471084663878962	22.316647009489714	0.6173396088283545	0.06814125660070551	0.040959149302435126	0.04052949308188029	0.14026933894456037
5966	0.30963200330734253	2.4599999960628338e-05	40.798099517822266	0.16694900393486023	25.261050340827566	25.471472328771977	24.091955575706542	23.6886249274464	23.27768158354296	1.308968131971097	0.5100929023204648	0.14485120249637098	0.14994776556248074	0.40406033956105813
5978	0.2806609869003296	2.6399999114801176e-05	40.77439880371094	0.21854199469089508	23.51705337207152	23.067455547723515	22.545181936136636	22.331650980800397	22.412427897883973	0.24392822534165423	0.05305129992594298	0.050686393021438944	0.06081659165803201	0.23060860446590353
6057	0.06707180291414261	8.847900062392e-06	37.21480178833008	0.09426180273294449	23.00047691643251	21.79964349918034	21.13373848772628	20.760076305476225	20.52396098094458	0.19974701443868995	0.014423145017405348	0.008758951698792108	0.008611218928475457	0.025653606444418987
6192	0.27247101068496704	3.0800001695752144e-05	40.49480056762695	0.1361899971961975	24.39724265333297	25.74929075779493	25.24145304285616	25.000897426312086	23.352414791160076	0.68051597405406	0.551930809854256	0.5385729643141461	0.652997904846262	0.5488999701832766
6196	0.281345009803772	5.529999907594174e-05	40.227500915527344	0.11659300327301025	24.565668533314224	24.081126485554453	22.592651633552265	21.93638511401626	21.596890158507698	0.8197639057523997	0.12595514880104056	0.03510568772433304	0.022668435346801984	0.07116765245285844
6249	0.29506099224090576	1.1899999663000926e-05	40.792999267578125	0.12180700153112411	24.279900883772253	22.923610925906143	22.40939780629344	22.162456475228996	21.994870403945633	0.8629815861315326	0.04562919037897265	0.029295897088102554	0.025242545063196068	0.09131676173882367
6275	0.2732590138912201	2.7599999157246202e-05	40.287498474121094	0.12416999787092209	24.13140285536759	22.47254144150897	21.25115707752906	20.6872980483652	20.28995363248704	0.3807667868190247	0.02396549839718535	0.010601783342014864	0.008908893547341083	0.022488018226609025
6406	0.12448839843273163	1.260190038010478e-05	38.61709976196289	0.06805960088968277	23.44331586394212	21.87903174378131	20.986954806968953	20.518162642972655	20.204010152932028	0.2938545394624432	0.01657718172413236	0.00881650451984045	0.007821348692065886	0.021122963584759354
6422	0.18645499646663666	2.9200000426499173e-05	39.730899810791016	0.06559640169143677	23.619391201239054	23.114870642834198	22.468757877658135	22.10318878543307	21.674013075279944	0.6163963380217581	0.0598445574286868	0.03506779767575762	0.028009628825214503	0.08150706927096743
6479	0.23454900085926056	1.5400000847876072e-05	39.97589874267578	0.1013059988617897	23.356355761747466	22.37235128874505	21.3743157306827	20.99067181232734	20.685609937833746	0.17608667175350026	0.029562650824952012	0.015925544722135844	0.015295625271421111	0.03942611221006735
6530	0.19482499361038208	6.479999865405262e-05	39.657501220703125	0.10190600156784058	25.42008294163295	22.449178969515753	21.176185915066096	20.674422448795937	20.331350349542767	1.4661401305128026	0.027304624818214298	0.011272574428570978	0.009677576935286453	0.02676201796182594
6556	0.2582339942455292	1.9600000086938962e-05	39.909698486328125	0.11318899691104889	24.359130900401325	24.263845059671155	23.58392533870272	23.4326747836187	22.89441216614553	0.5950669583770517	0.12217378319723451	0.08471663660444598	0.09904342622078385	0.24612887271427855
6558	0.05738519877195358	1.2700000297627412e-05	36.99039840698242	0.08384030312299728	22.8477021074773	21.848248715222645	21.101925899087387	20.724533485041622	20.557416306480917	0.1890564939241204	0.01899792271244959	0.010766609021347713	0.009633504811944114	0.03192753956927955
6709	0.28049400448799133	4.1700001020217314e-05	40.805301666259766	0.22059300541877747	25.258770977769075	25.02755746721776	23.42633983803381	23.090904283261978	22.523272063609024	0.9817544780528767	0.3226538100015684	0.08106175284393274	0.08265405184774748	0.1977787335285349
6851	0.30482199788093567	5.286989835440181e-05	40.88209915161133	0.20050300657749176	25.094281134390563	23.154570954507694	21.74548312813737	21.124433328898725	20.683924447914773	0.7514377337827367	0.03694344479300308	0.012582600607994213	0.010579400102220407	0.02393784476260943
6875	0.1674399971961975	6.599999778700294e-06	40.3473014831543	0.16950200498104095	23.59780857824591	22.667466651488102	22.042860193689048	21.582024795804067	21.449829837818996	0.17851771663396346	0.03048225328075764	0.020431153093875862	0.019937901454290825	0.05972003789572039
6895	0.2175460010766983	5.48999996681232e-05	39.68259811401367	0.09335420280694962	23.879630162266167	22.125619117661664	20.763695429509795	20.21854012829212	19.923239607800504	0.3187951643411505	0.02624321415714636	0.012392014223477596	0.011533890164389155	0.02724231103444955
6896	0.33504000306129456	6.900000153109431e-05	41.11330032348633	0.21555200219154358	24.022329230178073	22.78839254493592	21.400717259515808	20.907553802224616	20.53222866500718	0.3765748739278616	0.04383503930129805	0.02128234165620548	0.02184578500933288	0.04850174997424468
6903	0.25328201055526733	2.9400000130408444e-05	40.02539825439453	0.12387199699878693	23.88604200888153	21.767189531162625	20.368914253707327	19.81035140907905	19.444421688123978	0.4296857299975658	0.02014344410173896	0.00944611498839858	0.008903840384071063	0.01876780264787455
6936	0.18021200597286224	2.6699999580159783e-05	39.592899322509766	0.0745697021484375	23.395207963778105	23.036631295884508	22.2924214129036	21.95704247691802	21.525980812784073	0.2659780903616021	0.050046802034223486	0.02862530166775869	0.025207505004406217	0.07647094302350352
6962	0.09422019869089127	1.4899999769113492e-05	38.03010177612305	0.06736390292644501	21.843174789903756	20.114692786093634	19.13315089843041	18.693102196491104	18.316306221429393	0.05163329642721018	0.00506145160650943	0.0029296575579554384	0.0029449472925753557	0.006093948125888357
703	0.2980419993400574	2.029999996011611e-05	40.6879997253418	0.13561399281024933	24.469444772352595	24.181163019957207	23.207189087372736	22.961363835735803	22.95588952394642	0.6124806872254425	0.11532518645954012	0.06377911567306074	0.07079695218894626	0.24649761195200276
7143	0.3051370084285736	2.9200000426499173e-05	40.91510009765625	0.11716700345277786	24.847904434119428	25.608043742149675	25.292299480439063	25.122698250599797	24.082538449843103	0.5939447517051295	0.39984827058546735	0.2838413466800993	0.3078763533443034	0.4685633118369403
7147	0.11021699756383896	1.9799999790848233e-05	38.248199462890625	0.07908099889755249	22.878617808760563	21.05430887686653	20.004494567773918	19.57149665465486	19.19560573329877	0.1443410426778372	0.010036150663618782	0.004831165800486256	0.004141031738637632	0.010067683883689995
7373	0.2800619900226593	1.610000072105322e-05	40.865699768066406	0.11972600221633911	22.94052720733115	22.478388177257493	21.796823403556527	21.53246210914418	21.11771568207203	0.1752880723962815	0.03092472181479013	0.019183060772927897	0.02045874366851062	0.049699428277941514
7444	0.2503550052642822	2.8399999791872688e-05	40.66019821166992	0.12733300030231476	24.44783285056453	23.42073963887509	22.445760222409486	22.004110767845543	21.765363996970876	0.5349561459349843	0.06108051652234159	0.032995912955709465	0.02778257478423471	0.07975441504082187
7600	0.18807700276374817	3.270000161137432e-05	39.4031982421875	0.09766270220279694	24.12791518973904	22.063866148718287	20.766720608966963	20.247445393105586	19.881696180361196	0.7063245027623504	0.023651680686032232	0.009118487657148353	0.008093260191123379	0.02011387323262714
762	0.19138100743293762	2.409999979136046e-05	39.89580154418945	0.08214540034532547	24.65394427724391	23.82255491887339	22.95361668199279	22.613364261969778	22.179238577001566	0.7926700445631036	0.09080151388396199	0.042879995740405755	0.042785508038313325	0.1359896279417284
7644	0.3100619912147522	1.1299999641778413e-05	41.17219924926758	0.16226699948310852	22.79504272442985	22.30010500217826	21.606827119918005	21.355396324873468	21.032421444711332	0.11885417290250719	0.029997660090224608	0.021357453047867386	0.02311096835080164	0.07205480971135385
779	0.23812100291252136	2.1300000298651867e-05	40.17470169067383	0.10082200169563293	23.452623254049307	22.208560198327184	21.5216003850815	21.289696570085425	21.072623893268187	0.23037740397649317	0.01937589878990345	0.011567747552316229	0.012544323449734848	0.03893231598126784
7847	0.21265900135040283	8.540000271750614e-05	39.82279968261719	0.08152409642934799	24.97254144150897	22.87692399218496	21.879200532931243	21.419123722785223	21.143124085073627	0.7562834895656788	0.03533931715565042	0.0156665387381222	0.01333689801692512	0.03737948954344878
7876	0.07602299749851227	1.049999991664663e-05	37.58789825439453	0.06500960141420364	22.37554619896048	21.620175149600517	21.289696570085425	20.99814421762941	20.90479812509873	0.08225678270331112	0.016701588158924807	0.011514492361210877	0.011674663472433754	0.03458117975357642
7882	0.3359239995479584	0.009999999776482582	41.099998474121094	0.14657899737358093	24.867311829864953	24.55549435754277	23.232136301274696	22.860129593840814	22.37421384365184	0.9259056740065061	0.18992441109201735	0.06174024256246228	0.05841144125367987	0.15754759350868516
8195	0.26876100897789	3.1600000511389226e-05	40.57630157470703	0.1816219985485077	23.754950046294027	21.778207667543022	20.351415440317055	19.700587694831345	19.22434854980075	0.4318247407550706	0.0180879129734461	0.006484659707900667	0.005015629206763098	0.011412085721891526
8213	0.18611200153827667	6.420000136131421e-05	39.438201904296875	0.09009689837694168	25.21125083468403	23.954157754572524	22.698611155209306	22.054502001925968	21.689635448472448	1.4351768969552927	0.13237902013027433	0.041110051403705626	0.03189957641606198	0.09188852434054309
8216	0.29134899377822876	3.9599999581696466e-05	40.68349838256836	0.16472700238227844	24.1851085938948	23.7521040782038	22.634479723251918	22.371554028003246	22.21498062120409	0.4021924908797179	0.08880109465268715	0.03587532347392822	0.03620891722743652	0.12131451980722584
822	0.23755599558353424	0.00014340000052470714	40.3922004699707	0.13106100261211395	24.11659076320284	23.703923577149	22.666071999780915	22.134338229135324	21.755829977815857	0.5485671571647824	0.06407474931252068	0.031582519126853933	0.027052660205084563	0.07949409126150277
8254	0.18919500708580017	1.7899999875226058e-05	39.78879928588867	0.1084590032696724	23.81049105915016	22.893122948256362	22.236582246582948	21.932477667216673	21.750719206789363	0.36811056223935845	0.03846890500798483	0.027424927038942382	0.02785257311683575	0.08454945749207643
8495	0.21498100459575653	1.5600000551785342e-05	40.05139923095703	0.10272400081157684	23.060418343982686	22.11928335057882	21.031647852797764	20.5085670329698	20.165723616590128	0.2750164295301049	0.025606191330215	0.010022180351613503	0.007623559097201824	0.02088222183999033
8555	0.1977040022611618	1.5300000086426735e-05	40.00669860839844	0.1021059975028038	23.04647931083688	22.298862029856178	21.627647371236264	21.303515217407973	21.114372380878265	0.12588604287514532	0.019920899061214376	0.012142732323284595	0.0110758999844951	0.03211308928446796
859	0.27829599380493164	1.9299999621580355e-05	40.372398376464844	0.11779599636793137	23.36627122979147	23.301816924464998	22.651191557519358	22.339876294418026	22.14592982896786	0.19935046401736423	0.050500813673764286	0.034046542717106776	0.03300039462656007	0.11403359383704942
8719	0.11756599694490433	7.000000096013537e-06	38.62160110473633	0.060766398906707764	23.329706603287875	22.750830681087308	22.362032285278836	22.124137461630326	21.832127251535496	0.22401736359557145	0.03477219004135161	0.02804533247798709	0.02578438405611065	0.08212930856596778
8742	0.21536800265312195	2.0900000890833326e-05	40.57320022583008	0.12889300286769867	22.99433077737165	22.086103191605492	21.526956645861567	21.23705030214645	20.99514908137204	0.11993542791596533	0.02322201024849498	0.014509838681099427	0.015426424045229536	0.04552315437029953
8921	0.14538699388504028	1.5100000382517464e-05	39.17539978027344	0.07182479649782181	22.7970064366757	21.70822237943057	21.051942578353216	20.68842491531094	20.505228504781098	0.1204844847061429	0.01531480740407934	0.009896115189957987	0.009233831274111193	0.03079585980776677
893	0.11013299971818924	2.6199999410891905e-05	39.59199905395508	0.10632000118494034	24.390569602308044	23.412393131110754	22.84072249732641	22.56246358915433	22.28528243469762	0.5233367912329837	0.06415336005013096	0.036202120117943506	0.034871515794594535	0.10688060808873248
9133	0.2673740088939667	1.9799999790848233e-05	40.48210144042969	0.20860899984836578	23.659529158916218	23.18224157048445	22.290693908633415	21.92699547911389	21.64261212278847	0.3137151245479018	0.07000952605797127	0.03427602372504657	0.03427433705678384	0.09017936494383913
9326	0.29107698798179626	8.36000035633333e-05	40.775901794433594	0.1900240033864975	24.677459774711803	23.4454566524203	21.960493586120702	21.306499377430672	20.956224372457577	0.4998785473103727	0.05458681629448438	0.019702619131250904	0.016056942771285367	0.03672024772238457
9467	0.2202720046043396	2.7399999453336932e-05	40.17639923095703	0.13644100725650787	24.152156518589184	24.22742657552746	23.559850378821988	22.74481966944434	22.412427897883973	0.38181540601231906	0.14971622669369905	0.13405032528044447	0.10033131664397067	0.23245678347298673
9594	0.2982349991798401	5.4600001021753997e-05	40.43280029296875	0.19486799836158752	24.833444951097206	22.938734083546606	21.5666005175246	21.001899794548496	20.59866142179414	0.7587072274213434	0.03981032750779809	0.01640375520362014	0.013663873512410002	0.03313778999703946
9954	0.22842900454998016	4.439999975147657e-05	40.33000183105469	0.092153400182724	24.360291495065294	25.039585345369648	24.015424876719766	23.54879551468678	23.777990405961358	0.43081083632648776	0.19534568276982167	0.0806212259694176	0.0630072674541259	0.316600289198014
